predict,x,y,Soil-Type,Lithology,PC1,PC2,PC3,PC4,PC5,PC6
predict,-121.5843102321,46.9193935868,2,3,-0.435592979192734,-2.059237241745,-1.73554253578186,-1.29148995876312,0.425131410360336,-1.53247702121735
predict,-121.82097,46.9216466667,6,9,2.14906978607178,3.378981590271,-0.983006238937378,2.20808267593384,-0.149332016706467,1.10090708732605
predict,-121.8314527778,46.9225166667,6,9,1.3149288892746,3.65409803390503,-0.949570417404175,1.97252643108368,-1.55765914916992,-0.496318578720093
predict,-121.8359305556,46.92215,6,9,1.0723842382431,3.67086672782898,-1.20784759521484,0.172149479389191,-0.456541746854782,1.76859951019287
predict,-121.83417549,46.9223976,6,9,1.24101579189301,3.73286366462708,-0.948380827903748,1.92052042484283,-1.23844063282013,-0.471835672855377
predict,-121.83773364,46.92076699,6,9,0.987441599369049,3.61904907226562,-0.92934250831604,1.91786122322083,-0.925981938838959,-0.253293097019196
predict,-121.83960888,46.91898767,6,9,0.568300366401672,3.67953562736511,-1.05053579807281,1.11620831489563,-0.456273972988129,-0.801815211772919
predict,-121.84012,46.9189716667,6,9,0.442226439714432,3.59801316261292,-0.867870032787323,2.37139081954956,-0.68428236246109,0.35495325922966
predict,-121.59852,46.9408633333,2,3,-0.137491881847382,-1.83219003677368,-1.71814239025116,-0.517635762691498,-1.05291759967804,1.54527139663696
predict,-121.5915366667,46.9513633333,2,6,-0.0861580073833466,-1.6959536075592,-1.55102562904358,2.54816555976868,1.31123387813568,0.524035274982452
predict,-121.5921033333,46.93237,2,6,-0.577222645282745,-2.00715160369873,-1.75115251541138,-0.646828711032867,-0.618439495563507,-1.6288560628891
predict,-121.5948633333,46.9276166667,2,3,-0.586066842079163,-2.10959386825562,-1.6892774105072,-1.12157332897186,-0.954220473766327,-1.09259188175201
predict,-121.58448,46.9194533333,2,3,-0.472937077283859,-2.05600118637085,-1.65935850143433,-0.915094077587128,0.200735330581665,-1.64793574810028
predict,-121.83947,46.7928116667,6,6,1.05197966098785,0.239572733640671,2.19109225273132,-0.216234490275383,-0.863682687282562,0.758782565593719
predict,-121.8842993304,46.9561335939,6,4,0.541789889335632,3.82972574234009,-1.04889500141144,1.36221289634705,1.54616606235504,1.0206755399704
predict,-121.771575,46.8039083333,6,9,3.10277128219604,-0.250496953725815,2.25009441375732,-1.46269512176514,1.51601243019104,1.28708076477051
predict,-121.8672415451,46.9375821267,6,4,-0.679097592830658,3.40025901794434,-1.06819188594818,-0.247200027108192,-0.737721025943756,0.988998293876648
predict,-121.8828075254,46.9565057964,6,3,0.36624950170517,3.81425547599792,-1.19594168663025,0.630793929100037,1.1340240240097,-0.532618165016174
predict,-121.6565360616,46.9114973258,2,9,0.353014886379242,-1.4690750837326,-1.47591125965118,0.868446230888367,-0.544039845466614,0.707732558250427
predict,-121.8353853935,46.785160387,6,4,0.128247767686844,0.177539393305779,1.7352933883667,-2.12612438201904,-1.00741541385651,0.959078252315521
predict,-121.8152383333,46.9255416667,6,9,1.7339950799942,3.23837018013,-1.23052227497101,-0.272155702114105,-0.146509259939194,0.738974869251251
predict,-121.6838383333,46.9170416667,6,1,0.979538083076477,-1.10460758209229,-1.65152215957642,-0.845734298229218,0.130947455763817,1.53420495986938
predict,-121.773704996,46.801964343,6,9,2.56262922286987,-0.251417815685272,2.91649913787842,2.06748747825623,-0.593337297439575,0.415439397096634
predict,-121.6706472222,46.9679333333,6,9,-0.221093639731407,-1.1768741607666,-1.61812520027161,1.60438883304596,-0.853594183921814,1.49971151351929
predict,-121.6289833333,46.9268388889,2,6,0.0356188490986824,-1.78987860679626,-1.85257434844971,-1.96696186065674,-1.4357236623764,0.469790637493134
predict,-121.83963833,46.919125,6,9,0.555529057979584,3.66377758979797,-0.939666867256165,1.848872423172,-0.709004700183868,-0.238658517599106
predict,-121.8406527778,46.9228166667,6,9,0.800024688243866,3.52236747741699,-1.48640859127045,-1.79285156726837,-1.38328111171722,-0.0941056683659554
predict,-121.7218033333,46.7771216667,6,9,1.51267576217651,0.252533614635468,2.78734540939331,-0.171759307384491,0.166952297091484,1.34738838672638
predict,-121.68783392,46.91764799,6,1,0.741158366203308,-0.998202383518219,-1.17692494392395,1.65389955043793,-1.21834635734558,-0.536104619503021
predict,-121.6886614357,46.917875167,6,1,0.696313738822937,-1.03711807727814,-1.5753082036972,-1.18514406681061,-0.857983708381653,1.06379270553589
predict,-121.65287,46.92101,2,3,0.883927285671234,-1.51124954223633,-1.75573909282684,-1.25628793239594,-1.33381652832031,-1.13306570053101
predict,-121.87812,46.835564,6,4,1.28776431083679,1.4270852804184,1.12130916118622,-0.829661071300507,0.665262281894684,-1.09616208076477
predict,-121.593558,46.949659,2,6,-0.124475665390491,-1.76131701469421,-1.95457684993744,-1.58986735343933,-1.38547551631927,1.21705400943756
predict,-121.766766,46.961495,6,3,1.32057023048401,2.26508784294128,-1.29726576805115,-1.62185323238373,2.35843896865845,-0.924402952194214
predict,-121.863348,46.942553,6,4,-0.591246128082275,3.49526023864746,-1.16101229190826,-0.192761838436127,-0.177363649010658,0.823975086212158
predict,-121.863756,46.933689,6,4,-0.577642858028412,3.33911800384521,-0.87775456905365,0.690453290939331,-1.15913581848145,-0.924048960208893
predict,-121.839718,46.915941,6,9,0.260017871856689,3.61820363998413,-1.31324970722198,-1.78991365432739,-1.08735394477844,0.800909578800201
predict,-121.83528,46.79361,6,6,1.02747583389282,0.274790495634079,2.26964259147644,0.922477304935455,-0.192125007510185,0.528271794319153
predict,-121.783607,46.80076,6,9,2.52843928337097,-0.190585255622864,2.03351163864136,-1.33922469615936,5.71690893173218,-0.185181364417076
predict,-121.838894,46.79231,6,6,0.843999743461609,0.224750161170959,1.98766732215881,-1.29302299022675,-0.888653457164764,0.247862935066223
predict,-121.785772,46.796507,6,9,1.61896216869354,-0.305856317281723,2.61866784095764,1.01769709587097,-0.348558872938156,1.51426362991333
predict,-121.838672,46.792253,6,6,0.802459836006165,0.244990617036819,2.33420920372009,1.19104564189911,-1.26384830474854,-0.201209753751755
predict,-121.754358,46.914064,6,1,1.62526106834412,1.00442731380463,-0.643486559391022,-1.09835696220398,-0.694468438625336,-1.30778300762177
predict,-121.794544,46.923996,6,9,2.19592475891113,2.70389819145203,-0.790468454360962,0.0546509884297848,-0.329326987266541,-0.0435948744416237
predict,-121.779263,46.797886,6,9,1.64594495296478,-0.192767828702927,2.71137166023254,-0.649211168289185,-1.82181894779205,1.72409558296204
predict,-121.86258,46.942928,6,4,-0.53305459022522,3.494708776474,-1.28289091587067,-0.90208488702774,0.162910789251328,-0.40956249833107
predict,-121.75476,46.914502,6,1,1.54713428020477,0.96759420633316,-0.620446145534515,-0.746247231960297,-0.289736896753311,1.4606945514679
predict,-121.829475,46.79525,6,6,2.23314762115479,0.293160855770111,2.15614700317383,1.32187700271606,3.03839778900146,-1.34473657608032
predict,-121.836714,46.916791,6,9,0.624363362789154,3.65625166893005,-1.2448456287384,-0.894201278686523,-0.617118835449219,1.43080580234528
predict,-121.840823,46.793825,6,6,0.874762773513794,0.277656972408295,1.99229907989502,-1.2540397644043,-1.01969385147095,-1.43707418441772
predict,-121.65743,46.91647,2,9,0.828048348426819,-1.48247456550598,-1.4593608379364,0.35511314868927,-0.963115215301514,1.01980376243591
predict,-121.76833,46.91583,6,3,2.21679306030273,1.6680371761322,-0.62126612663269,0.730339586734772,1.59881639480591,1.61657166481018
predict,-121.7625,46.852778,6,10,15.0942840576172,-3.10774302482605,-4.19114828109741,2.71873831748962,-1.67362976074219,0.779549300670624
predict,-121.6429008543,46.9027775652,4,3,-1.3629070520401,-1.78552627563477,-1.11006855964661,0.285780787467957,-1.10457348823547,1.74553966522217
predict,-121.6434547305,46.9185050488,2,3,0.916892349720001,-1.62269520759583,-1.49301409721375,0.75667542219162,0.212930798530579,-0.896492898464203
predict,-121.5576388889,46.7557305556,6,6,-5.08376741409302,-3.77737975120544,1.65856873989105,-1.82289123535156,-0.698276519775391,1.06987428665161
predict,-121.5799333333,46.8934777778,4,2,-3.25010275840759,-3.52945518493652,-0.631814360618591,1.08715045452118,-1.42336893081665,0.739538133144379
predict,-121.7116305556,46.9002416667,6,9,4.36901617050171,-0.425102055072784,-1.01540803909302,-1.58060503005981,-0.375103026628494,-1.24116969108582
predict,-121.7392260177,46.7851942734,2,2,1.99620449542999,0.191221281886101,2.92713308334351,0.213514924049377,-0.311295926570892,-0.271693557500839
predict,-121.7577361111,46.7777555556,2,1,0.304049491882324,0.168686032295227,2.81995248794556,-0.462605506181717,-0.867108047008514,-1.60135138034821
predict,-121.7595893198,46.777765678,2,9,0.0211828276515007,0.134701892733574,3.03598475456238,0.912958800792694,-0.998908877372742,0.554142534732819
predict,-121.8161125824,46.7498393784,1,6,-4.93567895889282,-0.639338493347168,0.87489640712738,-0.238998025655746,-0.80040442943573,1.81687426567078
predict,-121.7323156673,46.7922095345,2,2,2.56336331367493,0.172476038336754,2.87494015693665,-1.39358592033386,-0.319254070520401,-0.336718201637268
predict,-121.808555,46.761395,1,6,-3.6722846031189,-0.365198612213135,1.51189875602722,0.197498261928558,-0.602595746517181,1.78477573394775
predict,-121.7274138667,46.7965306454,6,2,3.1231005191803,0.207072198390961,3.20926403999329,0.805635213851929,-0.463803023099899,0.950014054775238
predict,-121.6599181823,46.9156405723,2,9,0.87221896648407,-1.50280976295471,-1.67238807678223,-0.96233344078064,-1.34021246433258,-1.11624991893768
predict,-121.6653367133,46.9183404386,2,9,1.32381153106689,-1.35683417320251,-1.78554403781891,-1.03277659416199,-0.659268796443939,-0.998040020465851
predict,-121.6478221234,46.9186470372,2,3,0.93430107831955,-1.6009349822998,-1.5314359664917,1.59380483627319,1.81205916404724,0.455519109964371
predict,-121.6528861111,46.9188611111,2,3,1.19405055046082,-1.49215745925903,-2.06883883476257,-1.9370025396347,1.59059870243073,-0.285569369792938
predict,-121.8787638889,46.7679805556,1,4,-4.98379230499268,-0.0942458733916283,0.487029612064362,-1.97439312934875,-0.503595650196075,1.17114269733429
predict,-121.878,46.7663138889,1,4,-5.09959316253662,-0.180800810456276,0.387768149375916,-2.57452344894409,-0.743377447128296,0.202388256788254
predict,-121.6345222222,46.9801138889,2,6,-3.15101790428162,-2.43084740638733,-1.41592979431152,-1.27317631244659,-1.43453073501587,-0.182951226830482
predict,-121.6281277778,46.9855,2,6,-3.2812168598175,-2.60197949409485,-1.08115005493164,1.38016819953918,-1.00718557834625,-0.722392380237579
predict,-121.6345888889,46.9798277778,2,6,-3.1379189491272,-2.40047025680542,-1.32171225547791,-0.191238775849342,-1.36995923519135,-1.62116312980652
predict,-121.6243277778,46.9881111111,2,6,-3.30416512489319,-2.66410374641418,-1.29714810848236,-0.212005421519279,-0.870545566082001,0.586556851863861
predict,-121.6316,46.9824333333,2,6,-3.18964648246765,-2.56540679931641,-1.18302512168884,0.643041491508484,-0.833820164203644,1.46989476680756
predict,-121.8127444444,46.75085,1,2,-4.78113889694214,-0.620926916599274,0.957820057868958,0.343574792146683,-0.855940163135529,-1.29726874828339
predict,-121.6356666667,46.7656883333,2,3,-4.45413780212402,-2.7325177192688,0.806177914142609,-0.0134599320590496,-0.675927460193634,-0.496117353439331
predict,-121.7363527778,46.783325,2,2,1.91343021392822,0.216986387968063,2.76995277404785,-2.60138750076294,-1.05513989925385,-0.185940638184547
predict,-121.7279883333,46.79572,6,3,2.81056547164917,0.190593212842941,2.57289886474609,-2.72537326812744,0.150487646460533,0.180603593587875
predict,-121.7322466667,46.8034866667,6,2,4.25531816482544,0.0120014762505889,2.2364342212677,-2.67722511291504,0.862541794776917,0.318356722593307
predict,-121.7360833333,46.7940716667,2,2,2.94360542297363,0.158316150307655,2.9268593788147,0.566854774951935,0.133394569158554,-1.47386646270752
predict,-121.7837178335,46.7860419955,6,3,-0.320945918560028,0.0151595417410135,2.49284625053406,-1.36935007572174,0.350700378417969,-0.192722663283348
predict,-121.7801121902,46.7838057037,6,3,-1.00271022319794,0.025711240246892,3.08061456680298,0.771113276481628,-0.953176200389862,0.963534951210022
predict,-121.7359083333,46.7945666667,2,2,2.79609560966492,0.144499406218529,2.83027386665344,0.770501554012299,0.714196264743805,-1.40361881256104
predict,-121.7197416667,46.79628,6,9,3.55346298217773,0.222806707024574,2.56592202186584,-2.6430459022522,0.416194200515747,-0.393902063369751
predict,-121.5565333333,46.759055,6,6,-5.09712791442871,-3.7863826751709,1.45357823371887,-2.40151858329773,-0.812148928642273,0.863703429698944
predict,-121.7328116667,46.7901166667,2,2,2.27265071868896,0.172911912202835,2.88153648376465,-0.841596662998199,-0.47772878408432,-0.384579032659531
predict,-121.730800683,46.8023768772,6,9,4.14563846588135,0.0727745890617371,2.19291234016418,-2.40639901161194,0.905973076820374,-0.259659796953201
predict,-121.7288007904,46.8050594851,6,9,4.8295521736145,0.000120586439152248,2.32907176017761,-1.54632580280304,0.863302052021027,0.158094942569733
predict,-121.7235008961,46.8059926763,6,9,4.79911518096924,0.138965502381325,2.63983678817749,-0.931429803371429,-0.0589955039322376,1.64738047122955
predict,-121.7188848815,46.7949521511,6,3,3.30720210075378,0.288972556591034,2.60671734809875,-2.24042415618896,1.14475333690643,0.304145842790604
predict,-121.5999216667,46.915825,2,3,0.138143077492714,-1.9874552488327,-1.40206658840179,0.315170407295227,1.23815333843231,-0.0143088195472956
predict,-121.6373583333,46.91867,2,3,0.96399712562561,-1.80409824848175,-1.55155527591705,-0.0556401237845421,0.0410586930811405,1.65935754776001
predict,-121.6129238158,46.9115109688,2,3,-0.489470452070236,-2.24261736869812,-1.31611657142639,0.81375789642334,-1.28369855880737,0.180065840482712
predict,-121.677995,46.897045,6,2,0.311784207820892,-1.22486174106598,-0.179093331098557,0.640902698040009,-1.13924956321716,-0.0797314718365669
predict,-121.73147,46.79329,2,3,2.67531871795654,0.203999906778336,2.83324480056763,-1.89763247966766,-0.23941034078598,1.15902817249298
predict,-121.72383,46.80029,6,9,4.00306844711304,0.186767816543579,3.04405951499939,1.10556375980377,0.192934766411781,1.08792638778687
predict,-121.6493833333,46.9155916667,2,9,0.568349897861481,-1.70313143730164,-1.64159321784973,-0.466052949428558,-0.809113502502441,1.0200822353363
predict,-121.7366333333,46.7974033333,6,2,3.25867056846619,0.0449148267507553,2.66635155677795,-1.24396026134491,1.01493406295776,1.41734337806702
predict,-121.66347,46.900182,4,2,-0.260163426399231,-1.5501092672348,-0.524219036102295,0.667342185974121,-1.09253561496735,1.73104822635651
predict,-121.66845406,46.9204163422,2,9,1.41726875305176,-1.29647850990295,-1.68833684921265,-0.278222143650055,-0.67588883638382,0.921219229698181
predict,-121.667987,46.900305,4,2,-0.0123792411759496,-1.50813722610474,-0.529210925102234,0.330934673547745,-0.66283106803894,-0.318215370178223
predict,-121.739151001,46.7850952148,2,2,1.968301653862,0.196818128228188,3.01703071594238,0.630690336227417,-0.362058788537979,1.21033871173859
predict,-121.8704083333,46.9512866667,2,4,-0.719012975692749,3.75531506538391,-0.900528013706207,1.17322015762329,-0.810737609863281,1.67452239990234
predict,-121.7364283333,46.791905,2,2,3.09813594818115,0.124463737010956,2.89184927940369,1.24533033370972,1.59742772579193,-1.53115606307983
predict,-121.7356633333,46.7955383333,2,2,3.00627326965332,0.0838671773672104,2.94563817977905,0.748219788074493,0.340190351009369,1.56452178955078
predict,-121.7380142212,46.7913513184,2,2,2.36862182617188,0.111488245427608,2.67376852035522,-0.665279269218445,-0.439109563827515,1.13183784484863
predict,-121.5586083333,46.7507666667,6,6,-5.12800359725952,-3.78070330619812,1.89141285419464,-0.0538082830607891,0.652100920677185,1.33486640453339
predict,-121.8179694444,46.9672777778,3,6,-3.20421576499939,3.28282618522644,-0.767393589019775,-2.074866771698,-1.31571280956268,-0.908405125141144
predict,-121.6609883333,46.9193166667,2,3,1.30385804176331,-1.36818635463715,-1.36511886119843,2.23216795921326,-0.392895698547363,0.919272482395172
predict,-121.7356262207,46.8005981445,6,9,3.67578768730164,-0.00293913530185819,2.53713822364807,-1.82326519489288,0.719517409801483,1.26887202262878
predict,-121.7069707813,46.7677833045,6,3,-0.475224226713181,-0.213626965880394,2.54082584381104,0.739163100719452,-0.160202026367188,-0.628215730190277
predict,-121.7378216667,46.7857283333,2,2,2.07091927528381,0.182753726840019,2.86434030532837,-0.853330969810486,-0.532391726970673,1.27782773971558
predict,-121.7397783333,46.7900783333,6,2,2.44691944122314,0.157053992152214,2.59120965003967,-2.44749593734741,-0.934693396091461,0.630082726478577
predict,-121.855775,46.7362333333,7,2,-5.46018314361572,-0.623075783252716,1.01735544204712,1.98203253746033,-0.613745152950287,1.00503492355347
predict,-121.72602,46.79348,6,3,2.34875583648682,0.247527539730072,3.20935440063477,0.0701980367302895,-0.788613498210907,1.57813274860382
predict,-121.7080466667,46.9025633333,6,9,3.76517915725708,-0.395084023475647,-0.585945844650269,1.75578832626343,-1.14613401889801,-1.13004231452942
predict,-121.8985671997,46.8009643555,2,4,-2.20261025428772,0.640913307666779,0.854253351688385,-1.87693774700165,-0.524571001529694,1.21637237071991
predict,-121.6235716667,46.8762166667,4,6,-1.06663918495178,-2.4944064617157,-0.181492179632187,2.30823874473572,-0.376362413167953,0.384500503540039
predict,-121.7282831577,46.7955634808,6,3,2.79930257797241,0.204572290182114,2.96383047103882,0.249881267547607,-0.353085607290268,-1.3147109746933
predict,-121.586495,46.8669033333,6,4,-0.367944955825806,-2.132817029953,-0.503721654415131,1.30832612514496,-1.17841839790344,0.528622567653656
predict,-121.8410033333,46.918995,6,9,0.418234139680862,3.57692861557007,-1.11971342563629,0.228729099035263,-1.28468358516693,0.415608942508698
predict,-121.7327710335,46.7886767211,2,2,2.06796097755432,0.172494202852249,3.03666877746582,0.524136781692505,0.166565150022507,1.57404565811157
predict,-121.744151814,46.7867185409,6,2,1.88157415390015,0.201083615422249,2.80530738830566,-1.08376133441925,-0.744284272193909,-1.20363700389862
predict,-121.71557,46.8769033333,6,9,7.69276094436646,-0.595339953899384,0.0273555479943752,0.986534416675568,2.34005832672119,-0.636889696121216
predict,-121.7160716667,46.8765883333,6,9,7.76457500457764,-0.580747246742249,0.0169895403087139,1.20744800567627,3.1335813999176,0.456015169620514
predict,-121.6885333298,46.8959164339,6,2,1.08681273460388,-0.896955072879791,-0.0363018773496151,0.217495128512383,-0.498371094465256,-1.35964548587799
predict,-121.6692285663,46.9001059658,4,3,-0.281350553035736,-1.44705712795258,-0.542987704277039,0.487552374601364,-1.02619206905365,0.470971912145615
predict,-121.8826966667,46.945055,2,6,-1.74196124076843,3.8341805934906,-0.926540672779083,-0.712294280529022,-1.05086398124695,-0.99478542804718
predict,-121.6578078339,46.9115319393,2,9,0.581062734127045,-1.4999885559082,-1.53962767124176,-0.803720533847809,-1.32965421676636,1.67475318908691
predict,-121.7685083333,46.8074083333,6,9,3.6885781288147,-0.257082492113113,2.63793468475342,1.53570413589478,1.16067409515381,0.161348208785057
predict,-121.8566283333,46.7361116667,7,2,-5.51122617721558,-0.622906684875488,0.466542780399323,-1.62019407749176,-0.385820180177689,0.299388647079468
predict,-121.7251666667,46.79948,6,9,3.59825611114502,0.209270745515823,3.18039965629578,1.55885660648346,-0.226438030600548,1.15286302566528
predict,-121.6594466667,46.86557,6,4,2.3808479309082,-1.32672119140625,0.954179525375366,0.3721022605896,-0.934320688247681,-1.39668595790863
predict,-121.6555783333,46.91292,2,9,0.448475331068039,-1.47666835784912,-1.43273329734802,0.775509297847748,-1.25606799125671,-1.42336118221283
predict,-121.9116972222,46.7385944444,7,8,-5.4568920135498,0.322637379169464,1.17105388641357,1.45970928668976,-0.936804533004761,1.00030744075775
predict,-121.812905,46.75128,1,2,-4.65506410598755,-0.625365912914276,0.951249778270721,-0.140152171254158,-0.478608250617981,1.12395894527435
predict,-121.8131866667,46.75058,1,2,-4.74517631530762,-0.57987117767334,0.832749903202057,-1.01373589038849,-0.861956298351288,0.0625331327319145
predict,-121.8517133333,46.9356633333,6,4,0.173072203993797,3.423255443573,-0.918963491916656,1.81058776378632,-2.15132331848145,-0.398097306489944
predict,-121.7354278608,46.8012745318,6,9,3.73350143432617,0.000820758170448244,2.67344260215759,-0.708264470100403,0.136139690876007,-1.14919233322144
predict,-121.9509972222,46.7556638889,3,1,-5.86289739608765,1.15211808681488,0.890215933322906,0.820751368999481,-0.581585109233856,1.35858964920044
predict,-121.7228860036,46.7993238556,6,9,3.9391131401062,0.148543253540993,2.70471906661987,-1.30569088459015,-0.0754353106021881,-0.621874928474426
predict,-121.6986846924,46.7591552734,6,9,-0.516926050186157,-0.621226906776428,1.80168771743774,-1.42837572097778,-0.462665647268295,1.51193130016327
predict,-121.735725,46.8005216667,6,9,3.69970655441284,0.00759629067033529,2.47231388092041,-2.06837368011475,1.15122020244598,1.06702065467834
predict,-121.7374333333,46.7924583333,2,2,2.73289155960083,0.18414318561554,2.89492988586426,0.593845188617706,-0.965614020824432,-1.53719866275787
predict,-121.6426485059,46.9012571128,4,8,-0.873599171638489,-1.79320394992828,-0.727373600006104,1.32318317890167,-1.14963841438293,1.33452260494232
predict,-121.6767245448,46.9123385146,2,9,2.01519823074341,-1.12287068367004,-1.65759670734406,-0.404713749885559,0.768847346305847,1.62638199329376
predict,-121.6068416667,46.7933783333,2,4,-0.588284432888031,-1.71007919311523,0.715597927570343,1.9813357591629,-0.300693154335022,-0.762665748596191
predict,-121.8353333333,46.9220277778,6,9,1.13166463375092,3.6513340473175,-1.2409690618515,-0.12477619946003,-1.29360890388489,-1.28670585155487
predict,-121.8378055556,46.9207305556,6,9,0.937977135181427,3.61417937278748,-0.917785882949829,1.96289825439453,-0.799505710601807,0.785479307174683
predict,-121.8587944444,46.9238555556,6,6,-0.907977223396301,3.27986907958984,-0.71622097492218,2.41053819656372,-0.434779554605484,0.555293083190918
predict,-121.7317527702,46.7687147805,2,2,0.811320841312408,0.154144734144211,2.7026252746582,-0.263685435056686,-0.791439950466156,-0.13021944463253
predict,-121.7254416667,46.7985216667,6,9,3.23991179466248,0.198540136218071,3.23113417625427,1.61630833148956,-0.500507831573486,0.726695835590363
predict,-121.7383286544,46.7854959146,2,2,2.0350239276886,0.195441782474518,2.9325053691864,-0.0664045140147209,-0.362195760011673,0.919122636318207
predict,-121.8242116667,46.9221916667,6,9,1.81501579284668,3.5794141292572,-1.36270999908447,-0.0702487528324127,-0.619217157363892,-1.07981443405151
predict,-121.6697916667,46.9082133333,6,9,1.84651112556458,-1.26546394824982,-1.46010863780975,0.0660383552312851,0.6846644282341,1.32988393306732
predict,-121.6669833333,46.90775,6,9,1.63697421550751,-1.20830082893372,-1.4801276922226,-0.0444344021379948,1.34465038776398,-1.23254418373108
predict,-121.6754093232,46.9336764819,6,3,1.92253661155701,-1.04193532466888,-1.93105566501617,0.24980928003788,1.67190253734589,0.8851398229599
predict,-121.6847262392,46.8966694967,6,2,0.878887593746185,-0.95578271150589,-0.277797639369965,0.0866671651601791,0.748543381690979,-1.52156066894531
predict,-121.6673932972,46.900243732,4,2,-0.302081882953644,-1.49870872497559,-0.519063234329224,1.49639976024628,-0.497833222150803,-0.204189300537109
predict,-121.679175,46.9104383333,2,9,2.1193323135376,-1.13820588588715,-1.82623291015625,-2.12483549118042,-0.240405678749084,-0.65058296918869
predict,-121.7088916667,46.901955,6,9,3.94619870185852,-0.421261668205261,-0.826089560985565,-0.0669655427336693,-0.661422371864319,0.455344676971436
predict,-121.56092,46.7417,6,6,-5.31807565689087,-3.68652987480164,1.91560757160187,-0.122978881001472,0.808681130409241,-1.09628593921661
predict,-121.7401966667,46.7845633333,2,2,2.15249371528625,0.176972582936287,2.94658732414246,-0.656209111213684,-0.912184119224548,0.34295067191124
predict,-121.7160416667,46.7940633333,6,9,3.07277870178223,0.247124582529068,2.84513640403748,-1.17597556114197,0.0545240603387356,-0.119522497057915
predict,-121.744995,46.7866216667,6,2,1.78159534931183,0.198647424578667,2.82255983352661,-0.612964808940887,-0.24821762740612,-1.56611931324005
predict,-121.6596428677,46.8687990958,6,4,1.65278613567352,-1.61395227909088,0.900808691978455,0.049850732088089,-0.96584290266037,1.11843693256378
predict,-121.7506033333,46.771095,2,2,-0.38172447681427,0.204616516828537,2.9565863609314,1.26182842254639,0.0198299139738083,1.32746434211731
predict,-121.6488716667,46.9188083333,2,3,0.92549604177475,-1.58773732185364,-1.54255080223083,1.63471937179565,2.07050251960754,1.04481935501099
predict,-121.66482,46.9183,2,9,1.28561329841614,-1.34645140171051,-1.74691271781921,-0.77570104598999,-0.420436680316925,0.192451477050781
predict,-121.7215283333,46.776695,6,9,1.44028174877167,0.250279814004898,2.50305652618408,-2.02109432220459,-0.0834333449602127,-0.318751811981201
predict,-121.5484383333,46.90438,4,8,-3.66021299362183,-3.59697866439819,-1.11920154094696,0.3014015853405,-0.121730178594589,1.43901515007019
predict,-121.6269916667,46.911975,4,9,0.446979582309723,-1.968226313591,-1.5674809217453,-0.0101603204384446,0.505405128002167,-1.82385337352753
predict,-121.6352783333,46.7657866667,2,3,-4.29356861114502,-2.71509194374084,0.609078943729401,-2.42029356956482,-0.2555111348629,0.474555820226669
predict,-121.6367716667,46.7664716667,2,3,-4.61701250076294,-2.694340467453,0.491084694862366,-2.1952121257782,-0.734109282493591,0.526074826717377
predict,-121.6352,46.765125,2,3,-4.30836582183838,-2.7109100818634,0.506133377552032,-2.08223390579224,1.04606747627258,0.393752723932266
predict,-121.6870651245,46.9206352234,6,1,0.435787618160248,-1.14825439453125,-1.44159317016602,0.0524152033030987,-1.33512043952942,-0.961955904960632
predict,-121.7358033333,46.79755,6,2,3.31469345092773,0.0602398701012135,3.07456040382385,1.67198991775513,0.0969441384077072,-0.464842051267624
predict,-121.8125000843,46.7598926572,6,9,-3.28642964363098,-0.349036693572998,1.23829114437103,-1.09191143512726,-0.0201157592236996,1.47999131679535
predict,-121.8154278618,46.7577325717,6,9,-2.95793962478638,-0.247720390558243,0.79067450761795,-1.7681804895401,2.68003249168396,0.86090886592865
predict,-121.635025,46.7651033333,2,3,-4.37524557113647,-2.69871139526367,0.529755115509033,-2.54183864593506,0.46047642827034,0.176052838563919
predict,-121.8141388889,46.7594194444,6,9,-2.83487153053284,-0.285084903240204,1.11556923389435,-1.67213380336761,0.290420174598694,0.861979067325592
predict,-121.7689666667,46.7653283333,2,3,-1.80597758293152,-0.0592975653707981,1.93533837795258,-2.04964709281921,-0.598621308803558,-0.868144333362579
predict,-121.7899866667,46.76568,1,2,-2.62273669242859,-0.292620450258255,2.11656522750854,-0.322063893079758,-0.823256313800812,0.033591952174902
predict,-121.656945,46.9008216667,4,1,-0.827055931091309,-1.66054403781891,-0.754054605960846,0.91559910774231,-0.416668355464935,1.37616813182831
predict,-121.5625083333,46.7370833333,6,6,-5.73033380508423,-3.74979114532471,1.90417277812958,-0.445278018712997,-0.555013537406921,-1.55668008327484
predict,-121.6477133333,46.90122,4,8,-1.18555307388306,-1.77065098285675,-0.991879463195801,0.254456758499146,-0.718653559684753,-1.3766063451767
predict,-121.8050616667,46.7578216667,1,6,-4.06904554367065,-0.390156209468842,1.062868475914,-2.00694632530212,-0.71773624420166,0.963392615318298
predict,-121.815645,46.7497533333,1,2,-4.88604116439819,-0.639856398105621,0.914833962917328,0.0064565516076982,-0.620974838733673,1.56114256381989
predict,-121.741295,46.7838366667,6,2,2.04100751876831,0.184505805373192,2.66828918457031,-2.2006356716156,-0.189049854874611,0.893133342266083
predict,-121.732925,46.8045533333,6,9,4.23130464553833,0.107648573815823,2.81384658813477,1.12787520885468,0.253373831510544,-0.965170800685883
predict,-121.79245,46.9479033333,6,3,-2.05942296981812,3.28361225128174,-0.623088598251343,2.13960218429565,-0.200420305132866,-0.699660956859589
predict,-121.7088027778,46.8784472222,6,9,6.14283323287964,-0.255874276161194,0.907483041286469,0.125159695744514,0.192738339304924,-0.614385545253754
predict,-121.5567472222,46.7629694444,6,6,-5.04188013076782,-3.76600027084351,1.47261893749237,-1.59158897399902,-1.18019616603851,1.5187052488327
predict,-121.7362666667,46.7940866667,2,2,3.00879144668579,0.128933742642403,2.74930381774902,-1.15995502471924,-0.00180792342871428,0.972132444381714
predict,-121.7399966667,46.7866033333,2,2,2.04742956161499,0.154209434986115,2.94994831085205,0.76056843996048,-0.413321524858475,-1.13177275657654
predict,-121.813645,46.7498583333,1,2,-4.56909275054932,-0.593236804008484,1.16304838657379,1.02396416664124,-0.628128111362457,1.25437235832214
predict,-121.8130033333,46.7508,1,2,-4.80104160308838,-0.569559574127197,1.26472854614258,2.22600674629211,-0.904313981533051,0.000317554600769654
predict,-121.5599283333,46.7515116667,6,6,-5.29012060165405,-3.77012038230896,1.95619082450867,-0.194325894117355,-0.729189693927765,0.0825923010706902
predict,-121.558145,46.7515116667,6,6,-5.06519794464111,-3.70127201080322,1.51994645595551,-2.2686927318573,0.905693650245667,-0.227199211716652
predict,-121.66180259,46.91012733,2,9,0.779768228530884,-1.45779895782471,-1.83828186988831,-2.31774044036865,-1.23819494247437,-0.0506795085966587
predict,-121.65776158,46.91050565,2,9,0.512596905231476,-1.51180708408356,-1.62356281280518,-1.13962388038635,-1.16098284721375,-0.467329263687134
predict,-121.6586072235,46.9009733518,4,1,-0.575517773628235,-1.63341629505157,-0.874708592891693,0.210568949580193,0.0274542458355427,-1.46014189720154
predict,-121.734470589,46.7807030594,2,3,1.20412492752075,0.285727918148041,2.82318067550659,-0.7408646941185,0.131916731595993,1.64777255058289
predict,-121.7950283333,46.9622633333,3,8,-2.74976873397827,3.26469779014587,-0.365870207548141,1.44879543781281,-0.709260880947113,1.16468119621277
predict,-121.8121866667,46.7499616667,1,2,-4.52135133743286,-0.627184510231018,0.862100481987,-1.05120086669922,-0.766176104545593,-0.0560665652155876
predict,-121.6855783333,46.9091216667,2,9,2.42318940162659,-0.92496782541275,-1.47683691978455,-0.290513604879379,0.444860994815826,0.426506817340851
predict,-121.6854166667,46.909275,2,9,2.41040134429932,-0.889187693595886,-1.6462025642395,-1.29955291748047,0.618569850921631,-0.918115258216858
predict,-121.73963,46.79257,6,2,2.77937960624695,0.0601634122431278,2.68743968009949,-0.826296985149384,0.660000324249268,1.52215695381165
predict,-121.7165916667,46.8770444444,6,9,7.50680875778198,-0.64012336730957,-0.245561808347702,-1.64840602874756,0.469756841659546,1.1171715259552
predict,-121.734628707,46.7872295359,2,2,2.25168371200562,0.23601521551609,3.26725649833679,1.66777956485748,-0.572156846523285,-0.53088915348053
predict,-121.6608883333,46.9007333333,4,2,-0.529313206672668,-1.54112839698792,-1.17672967910767,-1.94525253772736,0.257729589939117,-0.53705883026123
predict,-121.6930160522,46.9180297852,6,1,1.44975936412811,-0.922276496887207,-1.38553750514984,0.341040343046188,-0.0770638957619667,1.27185332775116
predict,-121.73282,46.8042916667,6,9,4.27866697311401,0.109886720776558,2.56701374053955,-0.459120184183121,0.78643137216568,-0.0995641797780991
predict,-121.5574964133,46.7580021767,6,6,-4.98134565353394,-3.71956992149353,1.9246016740799,0.806899070739746,-0.347139030694962,-0.593817889690399
predict,-121.914245,46.7946616667,2,6,0.698742926120758,0.957220017910004,1.04685842990875,1.03807532787323,4.59019088745117,-0.220640823245049
predict,-121.8627616667,46.92628,6,6,-0.967118740081787,3.32904434204102,-1.2219945192337,-0.622817397117615,0.496388643980026,-1.20893049240112
predict,-121.8133083333,46.7513866667,1,2,-4.52730798721313,-0.573064506053925,1.09474074840546,0.146739721298218,-1.06767427921295,-0.157233595848083
predict,-121.736851595,46.7962530983,2,2,3.23112368583679,0.0572915822267532,2.50218534469604,-2.53956484794617,0.254945665597916,0.620064198970795
predict,-121.7417314083,46.7860237717,6,2,1.93180966377258,0.170282781124115,2.95514392852783,-0.0889306664466858,-0.865581214427948,1.64580178260803
predict,-121.6421283333,46.9130966667,4,9,0.511802673339844,-1.71408545970917,-1.79073059558868,-1.47639155387878,-0.688823401927948,-1.22238183021545
predict,-121.5623474121,46.7379264832,6,6,-5.73485994338989,-3.80361533164978,2.25768947601318,1.77380812168121,-0.307137787342072,0.572928190231323
predict,-121.652778425,46.9143756383,2,9,0.402980983257294,-1.49119234085083,-1.53041172027588,0.767373561859131,-0.307823419570923,-1.07524275779724
predict,-121.628956105,46.91191108,4,9,0.523286044597626,-1.95918703079224,-1.78054940700531,-1.8921275138855,0.424427956342697,-1.07916903495789
predict,-121.633916775,46.9122717383,4,9,0.579296588897705,-1.79879057407379,-1.45956420898438,0.496283948421478,0.14373967051506,-1.48561024665833
predict,-121.6340925633,46.9122408517,4,9,0.579265177249908,-1.807856798172,-1.7836297750473,-1.90097916126251,0.450666636228561,-0.239943414926529
predict,-121.6379357783,46.913566115,4,9,0.645685434341431,-1.75281190872192,-1.60597121715546,-0.764229357242584,-0.580276727676392,-1.62085890769958
predict,-121.6420595633,46.9128867483,4,9,0.507255792617798,-1.71067297458649,-1.68296313285828,-0.666759133338928,-0.585567116737366,-1.11550354957581
predict,-121.6675961277,46.9177164623,2,9,1.40923190116882,-1.29896509647369,-1.5385195016861,0.924190521240234,-0.0875648558139801,-1.05737411975861
predict,-121.8855891377,46.7803079175,1,4,-3.89748787879944,0.142587035894394,0.684923827648163,-2.06470203399658,-0.92828094959259,-0.867627024650574
predict,-121.83077543,46.92272284,6,9,1.48989450931549,3.65303683280945,-1.37502264976501,-0.823630332946777,-1.03597390651703,0.195522218942642
predict,-121.8249793517,46.922798275,6,9,1.70074462890625,3.55213046073914,-0.981155097484589,2.46430206298828,-0.833734571933746,0.150152564048767
predict,-121.614395,46.917645,2,6,0.648268580436707,-1.91547214984894,-1.62734472751617,-0.4839226603508,1.42663741111755,-1.05522966384888
predict,-121.56605555,46.73583536,6,2,-5.90814733505249,-3.8326268196106,1.74089634418488,-2.06043386459351,-0.703739166259766,-0.609131395816803
predict,-121.79519862,46.76878755,1,3,-3.05400824546814,-0.240401178598404,2.1780698299408,0.529973328113556,-1.10437893867493,1.78557455539703
predict,-121.760475,46.7782366667,2,9,0.339925140142441,0.167418539524078,2.91978526115417,0.942343235015869,1.4291889667511,0.116551145911217
predict,-121.7014466667,46.7672466667,6,9,-0.559401154518127,-0.471654802560806,2.08605694770813,-1.34730064868927,-0.323313623666763,-0.309520363807678
predict,-121.7859039307,46.7675895691,1,2,-2.85480809211731,-0.22462722659111,2.19578504562378,0.306017130613327,-0.444744646549225,1.31233382225037
predict,-121.7328567505,46.7908439636,2,2,2.40059685707092,0.167628183960915,3.10639524459839,0.526810944080353,-0.469932824373245,0.422293812036514
predict,-121.8985594259,46.7725858502,2,4,2.00800514221191,0.430970698595047,1.69976353645325,-0.408243954181671,2.70984625816345,-0.501218497753143
predict,-121.6523583333,46.9187133333,2,3,1.21416032314301,-1.51174592971802,-1.9671037197113,-1.58480358123779,0.949761033058167,-1.19814670085907
predict,-121.654263195,46.9191405283,2,3,1.23617100715637,-1.48254942893982,-2.09885144233704,-2.09240627288818,1.82646369934082,-0.192073360085487
predict,-121.663963,46.9191592783,2,9,1.23281896114349,-1.34666085243225,-1.4067929983139,1.91800475120544,-1.40028238296509,-0.487899631261826
predict,-121.8540116667,46.9855533333,2,3,-3.50529527664185,3.45800685882568,-0.718400895595551,-0.421178430318832,0.0921650007367134,-0.479246705770493
predict,-121.5657348633,46.7363967896,6,2,-5.91471815109253,-3.83774971961975,2.10334539413452,0.642532885074615,-0.24711386859417,0.541648745536804
predict,-121.6357192993,46.7655830383,2,3,-4.54429388046265,-2.81125140190125,0.907383680343628,0.506206691265106,-1.1092756986618,0.376187533140182
predict,-121.779800415,46.7814331055,6,3,-1.23895454406738,0.0422259643673897,2.62115502357483,-1.94180881977081,-0.228779137134552,-0.184312522411346
predict,-121.7792366667,46.7809133333,6,3,-1.26074039936066,0.0366490706801414,2.61777925491333,-1.93028330802917,-0.302192330360413,0.693417549133301
predict,-121.7337283333,46.78783,2,2,2.21891617774963,0.201188802719116,3.1301212310791,1.09792506694794,-0.496546298265457,-1.21649014949799
predict,-121.7365042493,46.7857869541,2,2,2.25776362419128,0.197608083486557,2.86151766777039,-1.32497918605804,-0.897593259811401,-1.46409094333649
predict,-121.82547,46.7524833333,6,9,-2.66357564926147,-0.436337500810623,1.32497978210449,0.856675028800964,0.751554071903229,-0.241791263222694
predict,-121.7293866667,46.7684116667,2,2,0.467788219451904,0.0892029330134392,2.33887076377869,-2.21684074401855,-0.925463318824768,-0.685655772686005
predict,-121.90753,46.8154333333,2,8,-3.29033517837524,1.11402332782745,1.08204460144043,1.97122800350189,-0.747088253498077,-0.330283403396606
predict,-121.74235859,46.78482006,6,2,1.97666049003601,0.199060171842575,2.70454955101013,-1.75055849552155,0.0400040745735168,1.22626900672913
predict,-121.7937866667,46.7693033333,1,2,-2.94444489479065,-0.256235510110855,1.92487049102783,-1.68642902374268,-1.00299870967865,1.10774111747742
predict,-121.7321083333,46.8030283333,6,2,4.24368619918823,0.00293509243056178,2.31659412384033,-2.15915846824646,1.26260256767273,0.962045073509216
predict,-121.6512619088,46.9149836682,2,9,0.373354732990265,-1.49656128883362,-1.48358976840973,0.935399830341339,-1.01128256320953,-1.26821255683899
predict,-121.6969,46.7744133333,2,3,-1.41019058227539,-0.594738721847534,2.57180166244507,1.69107043743134,-0.329126209020615,0.389442026615143
predict,-121.7177633333,46.789825,6,9,2.68053960800171,0.30564084649086,2.9680860042572,-0.0443513430655003,-0.262264221906662,1.09696459770203
predict,-121.6921134717,46.9620175,4,3,-0.299759835004807,-0.942498683929443,-2.17336821556091,-0.808348417282104,0.350631475448608,-1.44548904895782
predict,-121.671745,46.9679833333,6,9,0.0225990060716867,-1.17733633518219,-2.03779602050781,-1.85422885417938,-0.99198454618454,0.493703961372375
predict,-121.7390666667,46.7851716667,2,2,1.96998059749603,0.199689924716949,3.03852343559265,0.770487308502197,-0.4630007147789,0.725604295730591
predict,-121.5527883333,46.7594716667,6,8,-5.00069713592529,-3.70469760894775,1.54863357543945,-1.22618162631989,-0.241017088294029,-0.16904354095459
predict,-121.7322387695,46.7689056396,2,2,0.828340888023376,0.175611197948456,2.83961701393127,0.586286067962646,-0.700273633003235,-0.0786570757627487
predict,-121.56009986,46.74314214,6,6,-5.33310270309448,-3.77145004272461,1.81010675430298,-2.0858006477356,-0.0265066642314196,0.818481266498566
predict,-121.7311866667,46.7924616667,2,3,2.36426663398743,0.217864289879799,2.65204644203186,-2.48635292053223,0.00158041191753,-0.040938638150692
predict,-121.5613633333,46.7518116667,6,6,-5.23609447479248,-3.71740007400513,1.76316916942596,-1.14566671848297,-0.648494362831116,-1.04477071762085
predict,-121.91752,46.9808883333,2,6,-1.38940250873566,4.54953956604004,-0.913521647453308,1.45468080043793,-0.694548845291138,-0.222128629684448
predict,-121.7020416667,46.7698166667,6,9,-1.2607079744339,-0.499191999435425,2.09966659545898,-1.35050451755524,-0.27192211151123,-0.386802792549133
predict,-121.8242033333,46.7541083333,6,9,-2.45670986175537,-0.458694189786911,0.883599519729614,-2.62906622886658,0.140312507748604,-0.0516235269606113
predict,-121.7460166667,46.7726166667,2,2,0.150841489434242,0.27539935708046,2.9373414516449,1.31691431999207,-0.309596002101898,-0.992309987545013
predict,-121.5596436616,46.7516771564,6,6,-5.19462776184082,-3.80207681655884,2.10042548179626,0.722330808639526,-0.886849224567413,-0.602191269397736
predict,-121.8138638889,46.7531277778,1,6,-4.69238805770874,-0.565136909484863,0.964799284934998,-0.313418954610825,-0.388387739658356,1.44251155853271
predict,-121.8485861111,46.7472888889,1,2,-5.35118579864502,-0.772136330604553,0.497281432151794,-1.7771452665329,-0.59118127822876,0.861166775226593
predict,-121.8499222222,46.7506527778,1,2,-4.84316253662109,-0.59756338596344,1.13936543464661,2.2159948348999,-0.212094679474831,-0.297433853149414
predict,-121.8074716667,46.762755,6,6,-3.26113772392273,-0.315785348415375,1.50258982181549,-0.110511317849159,-0.140852376818657,1.2612544298172
predict,-121.806555,46.7637966667,6,1,-2.76236867904663,-0.220197215676308,1.51704072952271,0.0755660459399223,0.87321263551712,-1.50224018096924
predict,-121.8226916667,46.75227,6,9,-3.19619131088257,-0.445092797279358,0.964516460895538,-1.25287759304047,0.0142361046746373,1.48361921310425
predict,-121.5770866667,46.7414666667,2,6,-4.68832778930664,-3.29136490821838,1.47547388076782,-1.39513659477234,0.416958779096603,-0.171943426132202
predict,-121.8118965348,46.7553863161,1,6,-4.29199075698853,-0.489114046096802,1.40463709831238,1.99576544761658,-0.0569111630320549,0.108743250370026
predict,-121.7331417921,46.7873758183,2,2,2.05092787742615,0.200870186090469,3.23717927932739,1.58238768577576,-0.615496218204498,-0.348295003175735
predict,-121.8890916667,46.9427638889,2,6,-1.97241997718811,3.80958247184753,-0.712598204612732,0.615128099918365,-1.29482710361481,-1.1354728937149
predict,-121.8872916667,46.7383583333,7,8,-6.03119468688965,-0.0979057177901268,0.905994474887848,1.62490785121918,-0.881136953830719,0.500957190990448
predict,-121.8912972222,46.9423333333,2,6,-1.90065371990204,3.82627582550049,-0.897754967212677,-0.867525577545166,-1.15833723545074,-1.1973625421524
predict,-121.8916927855,46.9425152408,2,6,-1.95368528366089,3.84703278541565,-0.651131808757782,0.923006296157837,-1.19184565544128,0.529954791069031
predict,-121.6751466667,46.9176716667,2,9,1.34775602817535,-1.25794732570648,-1.47404789924622,0.300250858068466,-1.26349484920502,0.714025259017944
predict,-121.7379916667,46.7885133333,2,2,2.10093331336975,0.144543379545212,2.74696636199951,-0.737159907817841,-0.080003909766674,1.41605281829834
predict,-121.8796533333,46.9537866667,6,4,0.0473175011575222,3.85139346122742,-1.17810225486755,-1.32477784156799,-0.809494733810425,1.15732955932617
predict,-121.7218166667,46.7974666667,6,9,3.73283648490906,0.219948455691338,2.64006876945496,-1.95753026008606,0.0992116928100586,-1.21230816841125
predict,-121.6660861111,46.89645,4,1,-0.0661302283406258,-1.59954929351807,-0.120546817779541,1.49702990055084,-1.10598540306091,-1.00701534748077
predict,-121.6686694444,46.8956861111,4,1,-0.0135293854400516,-1.58137047290802,-0.302843064069748,-0.395576447248459,-1.02319371700287,-0.687296450138092
predict,-121.5948722222,46.9283138889,2,3,-0.294634729623795,-2.11120247840881,-1.66614949703217,-2.05732536315918,-1.1489577293396,-0.187630042433739
predict,-121.5882555556,46.9192861111,2,3,-0.392345458269119,-2.21567034721375,-1.42308282852173,-1.34538006782532,-2.01769137382507,-1.30723202228546
predict,-121.8127666667,46.9099361111,6,1,3.10965394973755,3.12324237823486,-1.34280836582184,-1.95246315002441,-0.822291851043701,0.480883210897446
predict,-121.8124555556,46.9098694444,6,1,3.14158201217651,3.11791038513184,-1.0067549943924,0.626446783542633,-1.40700590610504,-1.48214757442474
predict,-121.7292540517,46.8026044094,6,9,4.41972160339355,0.0267250183969736,2.69076919555664,0.209456011652946,0.117730095982552,1.34053993225098
predict,-121.6427616667,46.9139216667,4,9,0.680095970630646,-1.73590075969696,-1.74459373950958,-1.70773983001709,-0.817699611186981,-0.355152785778046
predict,-121.5565852293,46.7557064943,6,6,-5.09494781494141,-3.75799107551575,2.04183125495911,1.19831418991089,-0.784116625785828,1.33418917655945
predict,-121.8131472222,46.7515222222,1,2,-4.63567066192627,-0.541315019130707,1.24451792240143,1.68947100639343,-1.00845551490784,-1.03100216388702
predict,-121.8128277778,46.7507444444,1,2,-4.79700756072998,-0.626600980758667,1.07051706314087,1.20248925685883,-0.913926541805267,-1.06590747833252
predict,-121.8856948995,46.9448946386,2,6,-1.79389345645905,3.8336181640625,-0.620691299438477,1.54815030097961,-0.863875985145569,1.4950305223465
predict,-121.66108,46.8670133333,6,6,2.00780987739563,-1.38105881214142,0.507673978805542,-2.28974390029907,0.117374897003174,-0.120402701199055
predict,-121.8139722222,46.7530555556,1,6,-4.67706727981567,-0.522119283676147,1.00204682350159,0.0375444181263447,-0.406717628240585,1.30273151397705
predict,-121.7236022949,46.7997741699,6,9,3.9567334651947,0.13661815226078,2.63589119911194,-1.98326122760773,0.0511317923665047,1.00959932804108
predict,-121.6834416667,46.8968616667,6,2,0.625280320644379,-1.02873146533966,-0.0991265997290611,1.08898496627808,-0.315105557441711,1.38635361194611
predict,-121.8852670881,46.7797403494,1,4,-3.81782293319702,0.0766314193606377,0.645186364650726,-2.51669096946716,-0.563903570175171,0.468353629112244
predict,-121.5785616667,46.9084366667,4,9,-2.02182531356812,-3.01529955863953,-1.33001124858856,-1.65527987480164,0.210079371929169,0.576780676841736
predict,-121.7344445643,46.7874253029,2,2,2.14876103401184,0.193493708968163,2.94624900817871,-0.0945936366915703,-0.414237290620804,-1.31998527050018
predict,-121.6995166667,46.756275,6,3,-0.657226741313934,-0.676441252231598,1.71183490753174,-1.88277649879456,-0.755469739437103,0.822721123695374
predict,-121.6987216667,46.8992416667,6,3,2.70857763290405,-0.59590882062912,-0.582346439361572,-1.28185510635376,-0.347617298364639,0.133112564682961
predict,-121.68525,46.909175,2,9,2.40639042854309,-0.933355093002319,-1.64633238315582,-1.51368117332458,0.307307630777359,1.01155531406403
predict,-121.7065416667,46.9220883333,4,3,0.691125750541687,-0.783478319644928,-1.44325435161591,0.13605560362339,-0.44864097237587,1.29358184337616
predict,-121.8326033333,46.9217116667,6,9,1.21674346923828,3.7356219291687,-1.35979652404785,-0.67531955242157,-0.866572558879852,0.767187714576721
predict,-121.7274861111,46.8055722222,6,9,4.92877960205078,0.0376344621181488,2.5447108745575,0.150871440768242,0.548806250095367,-1.7811416387558
predict,-121.814675,46.9123,6,1,2.78334474563599,3.26389980316162,-1.35378885269165,-1.91844320297241,-1.08206737041473,0.855522453784943
predict,-121.7221832275,46.8034057617,6,9,4.39416074752808,0.234645709395409,2.72864770889282,-1.08098900318146,-0.596715092658997,-0.891718089580536
predict,-121.7957777778,46.7672222222,1,2,-3.13461494445801,-0.256231486797333,2.00421261787415,0.351761728525162,-0.532036244869232,-0.349976271390915
predict,-121.8762888889,46.7355083333,7,2,-5.92110013961792,-0.377792239189148,0.418964058160782,-1.04602158069611,-0.607466876506805,0.293923228979111
predict,-121.64907525,46.915706195,2,9,0.592808127403259,-1.63034391403198,-1.23878705501556,2.65648794174194,-0.841186463832855,0.360183447599411
predict,-121.5674666667,46.7502277778,2,6,-4.99396228790283,-3.53266286849976,1.84980010986328,0.0599047876894474,-0.572991788387299,0.0638633668422699
predict,-121.5886306763,46.9174499512,2,3,0.157127678394318,-2.03113698959351,-1.19124579429626,0.9704430103302,1.28122651576996,1.52936816215515
predict,-121.72557,46.8061866667,6,9,4.90672588348389,0.0476406067609787,2.75588417053223,0.714756488800049,-0.0443536452949047,0.834408402442932
predict,-121.737555,46.789375,2,2,2.28056168556213,0.177685290575027,2.87506651878357,0.250319302082062,-0.278695583343506,0.311406046152115
predict,-121.7344191167,46.786878421,2,2,2.08939075469971,0.167310073971748,2.91700744628906,-0.946111500263214,-0.74971342086792,1.34165287017822
predict,-121.7790666667,46.7808116667,6,3,-1.22493481636047,0.0262872986495495,3.01468324661255,0.388741075992584,-0.815550863742828,0.998315572738647
predict,-121.8125216667,46.7496633333,1,2,-4.5779128074646,-0.604615032672882,1.15152740478516,1.27394235134125,-0.93408465385437,-1.07336854934692
predict,-121.881850104,46.7394228492,1,2,-6.03312110900879,-0.315297812223434,0.511898875236511,-0.871006488800049,-0.703847229480743,0.55820769071579
predict,-121.8568333333,46.7362833333,7,2,-5.57571411132812,-0.627049207687378,0.583986759185791,-0.666773080825806,-0.278542280197144,1.16199052333832
predict,-121.8127583333,46.7518916667,1,2,-4.63779878616333,-0.580193221569061,0.713237524032593,-1.8776638507843,-0.377602219581604,-0.0750508308410645
predict,-121.668145,46.9176366667,2,9,1.38724994659424,-1.31255853176117,-1.62698197364807,0.0292602106928825,-0.743015468120575,-1.0558146238327
predict,-121.7301716667,46.7770166667,6,3,1.52592515945435,0.303915798664093,2.51561951637268,-1.21167886257172,0.536277770996094,-1.64836633205414
predict,-121.7791868727,46.7939652121,6,9,0.547351539134979,-0.0839844346046448,3.04955077171326,0.613700568675995,-2.15853333473206,-0.78890472650528
predict,-121.7832369937,46.7890985023,6,3,-0.0282349158078432,-0.0178406033664942,3.04612421989441,1.81556296348572,-0.594346284866333,-0.689545691013336
predict,-121.7937166667,46.747025,2,6,-1.87703847885132,-0.00968562997877598,0.937238693237305,-2.1894326210022,-0.285516291856766,0.248414129018784
predict,-121.6651719064,46.9183440571,2,9,1.32151436805725,-1.3604896068573,-1.83242166042328,-1.36167669296265,-0.523802280426025,-0.680770635604858
predict,-121.7338416667,46.787645,2,2,2.11513257026672,0.236628472805023,3.24681043624878,1.9092892408371,-0.500896394252777,-0.556529402732849
predict,-121.7305616667,46.7673216667,2,2,0.554500997066498,0.136303707957268,2.7028546333313,0.94936329126358,-0.058460645377636,1.53421807289124
predict,-121.8863444444,46.7805277778,1,4,-3.95437932014465,0.101195812225342,0.654362797737122,-2.51865291595459,-1.85631895065308,0.216952085494995
predict,-121.8877638889,46.7940722222,1,6,-3.2005341053009,0.380903542041779,0.861109793186188,-0.592276155948639,0.26117467880249,-1.19865453243256
predict,-121.5405277778,46.8823083333,4,6,-2.12272953987122,-2.89789986610413,-0.875883817672729,0.970804035663605,1.04215633869171,-0.25217616558075
predict,-121.6698694444,46.8954611111,4,1,-0.121712230145931,-1.55347728729248,-0.435674756765366,-1.525306224823,-1.02137124538422,1.15707623958588
predict,-121.6655444444,46.8964111111,4,1,-0.0449542067945004,-1.63081014156342,-0.395646661520004,-0.365987032651901,-0.743705987930298,-0.318859338760376
predict,-121.6659027778,46.8966861111,4,1,0.0388195179402828,-1.62312257289886,-0.357977211475372,-0.439223408699036,-0.996983885765076,-0.362802922725677
predict,-121.6586138889,46.900925,4,1,-0.542769491672516,-1.63874495029449,-0.798696577548981,0.515960931777954,-0.172100946307182,-1.17077136039734
predict,-121.5784444444,46.73835,2,6,-4.83059215545654,-3.20914506912231,1.66572272777557,1.35195791721344,1.33054256439209,0.572379946708679
predict,-121.6487416667,46.9139533333,4,9,0.357443422079086,-1.55790269374847,-1.65304589271545,-0.234076172113419,-0.256748497486115,-1.13466143608093
predict,-121.6556466667,46.909695,4,9,0.521883368492126,-1.46173405647278,-1.59606170654297,-0.0415759012103081,1.34223520755768,0.911034107208252
predict,-121.730070307,46.8063521565,6,9,4.67616653442383,-0.000536388193722814,2.62622833251953,-0.297209709882736,-0.0576850101351738,1.44118905067444
predict,-121.55002,46.9036616667,4,8,-3.65103387832642,-3.58531832695007,-1.0584282875061,0.719497919082642,-0.388017892837524,0.482289433479309
predict,-121.640555,46.9025216667,4,3,-1.32216930389404,-1.77502632141113,-0.909289062023163,1.80872464179993,-0.88803893327713,0.201750114560127
predict,-121.73452,46.8028466667,6,9,3.91498732566833,0.0149622121825814,2.43670129776001,-2.39161252975464,0.67622184753418,0.429358065128326
predict,-121.647545,46.918645,2,3,0.952209711074829,-1.60506165027618,-1.51156687736511,1.67839372158051,1.81384932994843,0.420663833618164
predict,-121.6585472222,46.9005972222,4,1,-0.556704819202423,-1.61734068393707,-0.534906446933746,1.44382977485657,-1.00821781158447,1.63537991046906
predict,-121.7816616667,46.7917166667,6,3,0.364052206277847,-0.0566090866923332,2.83856582641602,-0.470598220825195,-0.24203810095787,1.31577980518341
predict,-121.73548,46.7883333333,2,2,2.04596376419067,0.171867430210114,2.98798203468323,0.780693352222443,-0.464666604995728,0.148486942052841
predict,-121.81253,46.7526883333,1,6,-4.70161485671997,-0.595276772975922,0.792403638362885,-1.61172389984131,-0.756574213504791,0.908240079879761
predict,-121.7362583333,46.7873616667,2,2,1.9778174161911,0.167952924966812,2.64386415481567,-1.80261468887329,-0.485351979732513,-0.0888346955180168
predict,-121.73272,46.78972,2,2,2.26517677307129,0.226227968931198,2.77325320243835,-1.0964207649231,0.154423803091049,-0.684093594551086
predict,-121.7373416667,46.7858116667,2,2,2.13564205169678,0.174606665968895,2.84487628936768,-1.34780657291412,-0.785554647445679,1.11048007011414
predict,-121.7390366667,46.7995,6,9,2.97886919975281,0.101933263242245,2.80557179450989,-1.48941469192505,1.14780855178833,1.18177437782288
predict,-121.7352,46.786145,2,2,2.15414667129517,0.189131945371628,3.19242715835571,1.03161084651947,-0.57955539226532,1.45450568199158
predict,-121.7228083333,46.8011033333,6,9,4.11739110946655,0.196496099233627,3.01456451416016,0.914696395397186,-0.398746937513351,-1.07276952266693
predict,-121.738584973,46.7891026475,2,2,2.21651673316956,0.186903864145279,2.41945791244507,-2.62873673439026,0.175386607646942,-0.599500179290771
predict,-121.7387029064,46.7851698585,2,2,2.10038113594055,0.217098072171211,2.92872452735901,-0.165795132517815,-0.487297594547272,-1.13323485851288
predict,-121.8918972222,46.805,2,6,-2.6408360004425,0.705859065055847,1.13210093975067,1.14517390727997,0.0538934990763664,1.07421016693115
predict,-121.8756111111,46.8121527778,2,9,-2.30355453491211,0.815231561660767,1.1077686548233,0.498509258031845,-0.873049259185791,-1.09741413593292
predict,-121.8625944444,46.8198083333,2,9,0.0901629701256752,0.901034772396088,1.96632301807404,1.88417553901672,0.310526877641678,0.0305738039314747
predict,-121.8628777778,46.8201416667,6,9,0.289915800094604,0.836446762084961,1.73040878772736,-0.0337839238345623,0.072352722287178,1.06473350524902
predict,-121.7931533333,46.7681166667,1,2,-2.92152237892151,-0.229764506220818,2.20816445350647,0.848391890525818,-0.450997918844223,1.36179721355438
predict,-121.7369612307,46.7928868672,2,2,2.60661888122559,0.145856350660324,2.63771367073059,-0.237480491399765,0.133551552891731,-1.82043755054474
predict,-121.73882456,46.78530624,2,2,2.0204005241394,0.177680134773254,2.87360620498657,-0.352587103843689,-0.155364274978638,0.992443144321442
predict,-121.7401283333,46.7851033333,2,2,1.95926213264465,0.178040146827698,2.93938422203064,0.191286832094193,-0.424664497375488,0.469719916582108
predict,-121.737045,46.7862366667,2,2,2.17241144180298,0.204010620713234,2.96858644485474,-0.297870934009552,-0.496752887964249,1.5731053352356
predict,-121.78325,46.96257,6,13,-1.03505110740662,2.68788743019104,-0.946932256221771,0.700142920017242,0.456116229295731,-0.653325021266937
predict,-121.7335527778,46.8043916667,6,9,4.06889820098877,0.00469520734623075,2.91519093513489,0.935494124889374,0.0249252319335938,1.35724449157715
predict,-121.7547055556,46.9505722222,6,6,2.0488498210907,1.76351344585419,-1.06664872169495,-1.22915768623352,-0.525790989398956,-1.36847960948944
predict,-121.75415,46.9490305556,6,3,1.99587309360504,1.75197458267212,-0.864654839038849,0.201436698436737,-0.253860980272293,-1.1520471572876
predict,-121.7507777778,46.9246888889,6,9,3.72052145004272,1.02355682849884,-0.616254687309265,0.0987145900726318,2.55516266822815,-0.401205450296402
predict,-121.6174033333,46.8966633333,6,3,-1.77627551555634,-2.3938512802124,-0.755848050117493,1.86788475513458,-1.14881563186646,0.208291321992874
predict,-121.6523966667,46.918805,2,3,1.23227405548096,-1.48330736160278,-1.77213954925537,0.0689717009663582,1.24766075611115,-1.32969343662262
predict,-121.6508515533,46.9115047983,4,9,-0.201147958636284,-1.53062701225281,-1.40361833572388,1.56305241584778,-0.638292491436005,1.61091697216034
predict,-121.6674633333,46.9177966667,2,9,1.42148041725159,-1.3052442073822,-1.6659951210022,0.149006873369217,-0.113808251917362,-1.68942964076996
predict,-121.6421364249,46.9127253676,4,9,0.533020913600922,-1.68723690509796,-1.75476312637329,-1.15949273109436,-0.336063742637634,-1.35205090045929
predict,-121.6903216667,46.9075283333,6,9,2.75307679176331,-0.804327189922333,-1.05817270278931,1.90187764167786,-0.50310343503952,-0.728489220142365
predict,-121.64373,46.91662,2,9,0.823645830154419,-1.69282639026642,-1.44857716560364,0.294221758842468,-0.839795470237732,1.16276037693024
predict,-121.741623838,46.7856477689,6,2,1.89828085899353,0.183842971920967,2.77641081809998,-1.02545857429504,-0.737960755825043,-0.218337431550026
predict,-121.7570111111,46.9592694444,6,13,1.13988351821899,1.84627985954285,-0.937366962432861,-1.4074273109436,-0.807802736759186,-0.946497559547424
predict,-121.7645333333,46.9596555556,6,6,0.142891809344292,2.07000637054443,-0.629674851894379,2.31049871444702,-0.508790552616119,0.33680722117424
predict,-121.7653638889,46.9595805556,6,6,0.150593161582947,2.08300685882568,-0.608708500862122,2.23435115814209,-0.729104459285736,-0.569063067436218
predict,-121.6470033333,46.9186166667,2,3,1.08834671974182,-1.6036958694458,-1.37520921230316,2.05708241462708,1.39597606658936,1.15322601795197
predict,-121.7313833333,46.788075,2,2,1.99579691886902,0.248794093728065,3.03363704681396,-0.395473450422287,0.0870779305696487,0.199083462357521
predict,-121.735655,46.7867883333,2,2,2.03882932662964,0.197126999497414,2.78209805488586,-1.63071060180664,-0.69004625082016,1.45065224170685
predict,-121.8274833333,46.9706,3,6,-3.44002747535706,3.06072068214417,-0.728713095188141,-2.32134532928467,-1.98727941513062,-0.569312155246735
predict,-121.66172,46.91003,6,9,0.779842972755432,-1.46640288829803,-1.83518385887146,-2.3048849105835,-1.15935051441193,-0.122210286557674
predict,-121.6423633333,46.9139416667,4,9,0.70847624540329,-1.73820805549622,-1.63162577152252,-1.0378942489624,-0.838159620761871,0.122766062617302
predict,-121.7328543293,46.8044431889,6,9,4.28031730651855,0.116535231471062,2.56359148025513,-0.492052257061005,0.742766141891479,-0.123345240950584
predict,-121.7350301325,46.7999788391,6,2,3.6068160533905,-0.000665890460368246,2.516681432724,-2.20949625968933,-0.0469316653907299,0.95414799451828
predict,-121.7354275023,46.7979885666,6,2,3.36161637306213,0.0180050358176231,2.79513740539551,-0.474498927593231,-0.570421040058136,-1.39129769802094
predict,-121.5567711835,46.7604662944,6,6,-4.90818881988525,-3.75596976280212,1.42720973491669,-1.91334664821625,-0.00962415337562561,1.18780493736267
predict,-121.6998729803,46.7608648653,6,9,-0.853419780731201,-0.710506916046143,1.99354827404022,-0.0658038705587387,-1.24036693572998,-0.947592496871948
predict,-121.6699037421,46.9082767563,6,9,1.83619463443756,-1.24723839759827,-1.39938390254974,0.483704149723053,0.775081157684326,1.34365463256836
predict,-121.65066414,46.91864359,2,3,1.18652129173279,-1.50014996528625,-1.76053845882416,-0.593053042888641,0.585696220397949,0.174903854727745
predict,-121.6743425467,46.9283954613,6,3,1.87465631961823,-1.10678887367249,-2.06746220588684,-1.01746773719788,1.79423594474792,0.637467443943024
predict,-121.6688,46.917345,2,9,1.33853423595428,-1.3276230096817,-1.91483426094055,-2.00065684318542,-0.773403227329254,-0.369468003511429
predict,-121.8780883333,46.9549,6,4,0.123788766562939,3.77016472816467,-1.19620513916016,-1.80575311183929,-1.08832144737244,-0.457205504179001
predict,-121.7296600342,46.8019104004,6,9,4.26441526412964,0.0652567967772484,2.54815149307251,-0.626451075077057,0.68522971868515,1.05935156345367
predict,-121.7368011475,46.7967834473,6,2,3.22203803062439,0.0492978878319263,2.78775501251221,-0.418900042772293,0.519348680973053,1.69987785816193
predict,-121.74157,46.7855116667,6,2,1.91955304145813,0.167620062828064,2.96135520935059,0.28816756606102,-0.482875883579254,0.632087707519531
predict,-121.6858533333,46.9325416667,6,1,-0.356495171785355,-1.21247065067291,-1.24841952323914,2.18636798858643,-1.29364740848541,-0.0734947621822357
predict,-121.6363666667,46.902755,4,8,-1.45082950592041,-1.79754018783569,-1.46801733970642,-1.49064528942108,-0.513351917266846,-1.2918826341629
predict,-121.804725,46.9465416667,6,6,-1.96926367282867,3.16884779930115,-0.88554847240448,0.0878053978085518,-0.715496063232422,-1.53747832775116
predict,-121.589355,46.8822116667,6,6,-0.998723566532135,-2.29046845436096,-1.30367922782898,-1.86139953136444,0.364165961742401,0.546732544898987
predict,-121.7212366667,46.7919166667,6,3,2.22384738922119,0.295860528945923,3.27155447006226,1.48299181461334,-0.458015084266663,-0.209073558449745
predict,-121.6885383333,46.9255,6,1,0.045437179505825,-1.11448240280151,-1.67904102802277,-1.64944839477539,-1.57815754413605,-0.570948898792267
predict,-121.7359222222,46.7593916667,6,3,2.02051067352295,0.376188069581985,2.84479069709778,1.88816237449646,-0.0367720238864422,-0.423904657363892
predict,-121.7333694444,46.7637777778,6,3,1.07077574729919,0.202016711235046,2.52761769294739,0.368850380182266,-0.559053480625153,-1.06282663345337
predict,-121.6714083333,46.91523,2,9,1.65992856025696,-1.20205748081207,-1.82864081859589,-1.32873904705048,-0.768556475639343,-1.16050589084625
predict,-121.609055,46.9124366667,2,3,-0.438803732395172,-2.22657012939453,-1.30733978748322,0.822811782360077,-0.44549548625946,0.606953561306
predict,-121.5803616667,46.89347,4,2,-3.25668501853943,-3.51804804801941,-0.885370016098022,-0.574410796165466,-1.17206203937531,-0.10953139513731
predict,-121.7220533333,46.7978166667,6,9,3.77851366996765,0.177294820547104,2.53582215309143,-2.65625047683716,0.451885908842087,-0.230421051383018
predict,-121.716295,46.7952916667,6,9,3.2408332824707,0.300157964229584,3.42612481117249,1.83709347248077,-1.12223994731903,0.40263757109642
predict,-121.719055,46.7951366667,6,3,3.36028647422791,0.262847691774368,2.84088754653931,-0.406466424465179,0.862827658653259,-1.2181601524353
predict,-121.8144616667,46.752075,1,6,-4.66322612762451,-0.571589112281799,0.763534426689148,-1.85133934020996,-0.669327080249786,1.25504994392395
predict,-121.7338416667,46.7882716667,2,2,2.32944130897522,0.212239980697632,3.20091652870178,1.50823450088501,-0.124212652444839,0.854558289051056
predict,-121.8643112183,46.8276672363,6,9,2.05049252510071,0.970362067222595,2.19551467895508,1.65163016319275,-0.605196893215179,-0.805297613143921
predict,-121.8729400635,46.8340873718,6,4,1.51135551929474,1.29640281200409,1.73623704910278,2.0747754573822,-0.517182588577271,-0.4680515229702
predict,-121.7044366667,46.7647133333,6,9,-0.127792418003082,-0.40391543507576,2.05592703819275,-2.21421813964844,-0.143701523542404,0.781925022602081
predict,-121.73822,46.7887166667,2,2,2.16151928901672,0.183138400316238,2.49616456031799,-2.18008589744568,0.476654440164566,0.894834280014038
predict,-121.80555,46.9322083333,6,4,0.501195669174194,3.02795362472534,-0.737968444824219,2.55319046974182,-0.14168307185173,0.133623003959656
predict,-121.5548140928,46.9019489999,4,2,-3.58558130264282,-3.58095264434814,-1.11597287654877,-0.318262368440628,-1.10340142250061,-0.971270620822906
predict,-121.711455,46.7987666667,6,9,3.66619896888733,0.362241953611374,2.93081784248352,-2.1591215133667,-0.772724688053131,-0.964103400707245
predict,-121.6872059181,46.9205392732,6,1,0.512843787670135,-1.13691878318787,-1.42658340930939,0.103433892130852,-1.1516717672348,-0.0236275661736727
predict,-121.6641861111,46.9159888889,2,9,1.0556116104126,-1.40271329879761,-1.35307586193085,1.17223536968231,-1.66965305805206,0.86664080619812
predict,-121.6958616667,46.8932833333,6,3,1.50176393985748,-0.691466331481934,0.169235423207283,-0.561040937900543,-1.00073099136353,-1.14589071273804
predict,-121.5910116667,46.9460033333,2,3,0.195617124438286,-1.81439864635468,-1.53954577445984,0.579526245594025,-1.22372615337372,-1.37492287158966
predict,-121.5930716667,46.93563,2,6,-0.761527597904205,-2.13595390319824,-1.54979598522186,-0.149784117937088,-1.45467782020569,0.812362551689148
predict,-121.7222366667,46.7979366667,6,9,3.80677676200867,0.174593418836594,2.49351143836975,-2.74778962135315,0.945855736732483,0.238873809576035
predict,-121.7353367486,46.7607174402,6,3,1.66252422332764,0.385703325271606,2.13548755645752,-2.02001476287842,0.546121716499329,-0.963673412799835
predict,-121.7350092885,46.7566256163,2,3,3.02082204818726,0.62436181306839,2.74760699272156,1.03440690040588,3.09968686103821,-1.07681286334991
predict,-121.5868616667,46.8682533333,6,4,-0.434904038906097,-2.11236047744751,-1.01138150691986,-1.21087288856506,-0.47771754860878,1.48337709903717
predict,-121.8656234741,46.9340820313,6,4,-0.533659398555756,3.35869264602661,-0.91340172290802,0.246102407574654,-1.33077836036682,-0.718495965003967
predict,-121.8651809692,46.9331970215,6,4,-0.441377729177475,3.33741307258606,-1.10679697990417,-0.872727751731873,-0.42711678147316,0.160760626196861
predict,-121.8661956787,46.9358215332,6,4,-0.796428740024567,3.34389734268188,-1.3248895406723,-1.88100266456604,-0.710651636123657,1.01858222484589
predict,-121.7300186157,46.7926940918,2,3,2.34736847877502,0.268125087022781,2.89671349525452,-0.308606058359146,0.0466272607445717,-1.67062258720398
predict,-121.7300643921,46.7685241699,2,2,0.689935863018036,0.0873365700244904,2.70263767242432,-0.341379314661026,-0.913673281669617,0.473755329847336
predict,-121.726991795,46.7838637874,2,3,1.4923460483551,0.287863850593567,3.15770530700684,0.339652210474014,-0.326262265443802,1.11953258514404
predict,-121.73777,46.791755,2,2,2.45288753509521,0.124416932463646,2.97992968559265,1.76832759380341,-0.326399445533752,-0.388698577880859
predict,-121.72389084,46.8053602,6,9,4.66890096664429,0.166252747178078,2.45357799530029,-2.34839797019958,-0.0600450709462166,-0.0260006058961153
predict,-121.72258104,46.81169274,6,9,5.75914239883423,0.0618497952818871,2.85585474967957,1.81349432468414,-0.614777445793152,0.510750293731689
predict,-121.72432676,46.80805011,6,9,5.27148056030273,0.0683269277215004,2.52628302574158,-0.551620900630951,-0.475936710834503,-1.5005362033844
predict,-121.72857769,46.80527927,6,9,4.82989978790283,-0.0231247656047344,2.52329158782959,-0.33936882019043,0.626179695129395,0.941526114940643
predict,-121.73799851,46.79332534,2,2,2.93586707115173,0.0984801650047302,2.73900675773621,-1.28840517997742,-0.625070929527283,-0.396240383386612
predict,-121.7398821,46.79196891,6,2,2.92930054664612,0.149256214499474,2.72594809532166,-0.452596694231033,1.06151270866394,-1.0138680934906
predict,-121.74011813,46.78851315,6,2,2.31352972984314,0.130171746015549,2.77128601074219,-0.932903289794922,0.000732860877178609,1.67535305023193
predict,-121.73966584,46.78569529,2,2,1.89986336231232,0.152136117219925,2.63520503044128,-0.942461848258972,-0.0111407125368714,-1.50355410575867
predict,-121.74109403,46.78445202,6,2,2.16867327690125,0.178050622344017,2.93183946609497,-0.841063737869263,-0.509544968605042,1.53669500350952
predict,-121.6604533333,46.86808,6,6,1.82552802562714,-1.53535270690918,0.6826491355896,-1.24500453472137,-0.175764575600624,1.13342177867889
predict,-121.6261444092,46.7698364258,2,6,-4.02299690246582,-2.63243675231934,0.855816245079041,1.07989430427551,-0.421076416969299,1.06059777736664
predict,-121.5590055556,46.7580194444,6,6,-5.16488599777222,-3.75777006149292,1.80343306064606,-0.0774392709136009,-0.286602467298508,1.09214019775391
predict,-121.5586555556,46.7580972222,6,6,-5.13174533843994,-3.69813942909241,1.66336679458618,-0.855864346027374,-0.327545255422592,-0.655889689922333
predict,-121.6615833333,46.919225,2,3,1.32319295406342,-1.38781499862671,-1.55219054222107,1.01808476448059,-0.506534814834595,-0.216016322374344
predict,-121.6439666667,46.9135333333,4,9,0.472351282835007,-1.72911012172699,-1.90921413898468,-2.16461086273193,-0.543347895145416,-0.397420644760132
predict,-121.7372966667,46.7954,2,2,3.07387113571167,0.109319113194942,2.81482362747192,-0.0211056917905807,0.0481508672237396,-0.807600796222687
predict,-121.707025,46.7674866667,6,3,-0.432767570018768,-0.260358095169067,2.51706147193909,0.795427322387695,0.0614563263952732,0.955193638801575
predict,-121.7308273315,46.7686195374,2,2,0.867443442344666,0.131129294633865,2.43326997756958,-2.58300304412842,-1.23047804832458,-0.802365720272064
predict,-121.732475,46.779045,2,3,1.3778680562973,0.274054139852524,2.93658447265625,0.0356557294726372,-0.00381732522509992,-1.28157091140747
predict,-121.7362533333,46.7695966667,2,2,0.822313904762268,0.186659619212151,2.81371188163757,0.609655320644379,-0.240522295236588,0.950533628463745
predict,-121.7340289895,46.7876686194,2,2,2.10449767112732,0.197047173976898,3.19378876686096,1.59818518161774,-0.457272529602051,-0.298054337501526
predict,-121.659295,46.8645366667,6,4,2.42023396492004,-1.29160284996033,1.24080181121826,1.91669011116028,-1.21580445766449,0.434741944074631
predict,-121.556795,46.76043,6,6,-4.92011594772339,-3.75946354866028,1.45546746253967,-1.76109087467194,-0.0814476683735847,1.2972617149353
