background,x,y,Soil-Type,Lithology,PC1,PC2,PC3,PC4,PC5,PC6
background,-121.6437651962,46.9002226474,4,8,-1.16942250728607,-1.78351664543152,-1.19013047218323,-1.52768337726593,-0.905436098575592,0.41654771566391
background,-121.6700972222,46.9084055556,6,9,1.85602307319641,-1.21182286739349,-1.26050388813019,1.6854852437973,0.407751470804214,-0.748983323574066
background,-121.7323156673,46.7922095345,2,2,2.56336331367493,0.172476038336754,2.87494015693665,-1.39358592033386,-0.319254070520401,-0.336718201637268
background,-121.8140506256,46.7529169692,1,6,-4.72719526290894,-0.580428957939148,1.12354302406311,0.860213816165924,-0.640571177005768,1.68153560161591
background,-121.73078553,46.7937112831,2,3,2.62916874885559,0.198354512453079,3.19916415214539,0.76394110918045,-0.867552280426025,-1.06104469299316
background,-121.6428,46.9176,2,3,0.944838166236877,-1.69910228252411,-1.67804825305939,-0.786365926265717,-0.791192233562469,-1.33830583095551
background,-121.8789416667,46.7611027778,1,4,-5.3307056427002,-0.201834738254547,0.686151266098022,-0.0472483932971954,-0.0681988075375557,1.64149487018585
background,-121.6395111111,46.9732305556,2,6,-2.78582787513733,-2.21894025802612,-1.46875107288361,-0.435402780771255,0.440243124961853,1.63533794879913
background,-121.6232222222,46.9893194444,2,6,-3.36348080635071,-2.68269848823547,-1.36065244674683,-0.50193065404892,-0.99633252620697,-0.466910511255264
background,-121.7291416389,46.8052444444,6,9,4.8153977394104,0.0379450954496861,2.3890266418457,-1.06718838214874,0.861556053161621,0.373431503772736
background,-121.7190944444,46.7952194444,6,3,3.42380285263062,0.244957834482193,2.85201954841614,-0.66167151927948,0.984696567058563,0.686080038547516
background,-121.7328116667,46.7912716667,2,2,2.48670959472656,0.196693316102028,3.23685002326965,1.35489630699158,-0.443822532892227,-0.254176437854767
background,-121.7462166667,46.7742916667,2,9,0.141746535897255,0.2284145206213,2.8270366191864,-0.175081193447113,-0.478753000497818,1.56141257286072
background,-121.7806633333,46.7851416667,6,3,-0.633699297904968,0.034867849200964,2.78987979888916,-1.37196242809296,-0.889322578907013,1.17842423915863
background,-121.7814566474,46.7849702854,6,3,-0.818795025348663,-0.00488727679476142,2.99998879432678,-0.192331492900848,-1.59540379047394,1.26369905471802
background,-121.7366716667,46.7910716667,2,2,2.60344576835632,0.146832764148712,2.55084824562073,-0.775978446006775,1.08843576908112,-1.50814092159271
background,-121.8661716667,46.9351083333,6,4,-0.607773184776306,3.36685562133789,-0.804862856864929,1.36377429962158,-1.01560091972351,-0.47113910317421
background,-121.728705,46.7926616667,6,3,2.50664758682251,0.311728328466415,2.88515496253967,-0.603451013565063,0.764505088329315,-1.18291580677032
background,-121.6376888889,46.7684333333,2,3,-4.42322587966919,-2.68933010101318,0.528114318847656,-1.81079065799713,-0.595241487026215,-0.438155174255371
background,-121.7397916667,46.7927138889,6,2,2.73094820976257,0.139230281114578,2.55136108398438,-1.75339889526367,0.499665975570679,0.0276185777038336
background,-121.7400194444,46.7930333333,6,2,2.68481922149658,0.100501000881195,2.63042521476746,-1.00577211380005,1.17731034755707,1.51346433162689
background,-121.7414866667,46.7842333333,6,2,2.15757822990417,0.18440979719162,2.71548104286194,-2.24248027801514,-0.364763110876083,0.876962006092072
background,-121.7264027778,46.8059888889,6,9,4.96386289596558,0.0300008878111839,2.6183545589447,0.439082533121109,0.72850489616394,0.986012756824493
background,-121.7372613028,46.7898348612,2,2,2.41381359100342,0.135539561510086,3.11947584152222,1.63611400127411,-0.819576561450958,0.786124467849731
background,-121.6537296813,46.9191489876,2,3,1.13073241710663,-1.49891769886017,-1.85870742797852,-0.679844260215759,1.33162117004395,0.252704203128815
background,-121.8715216667,46.95143,2,4,-0.717015326023102,3.81803178787231,-0.87808483839035,1.45019614696503,0.125675782561302,1.54903733730316
background,-121.7058033333,46.7662866667,6,9,-0.357318937778473,-0.339536219835281,2.31868195533752,-0.519291400909424,-0.684808671474457,1.01066613197327
background,-121.7380142212,46.7913513184,2,2,2.36862182617188,0.111488245427608,2.67376852035522,-0.665279269218445,-0.439109563827515,1.13183784484863
background,-121.7082901001,46.7677612305,6,3,-0.313624769449234,-0.233032122254372,2.56173944473267,-0.180285170674324,-0.540573954582214,0.896114349365234
background,-121.5859222412,46.9184761047,2,3,-0.0723524317145348,-1.92134344577789,-1.45173871517181,0.264764010906219,1.98171746730804,1.07754695415497
background,-121.8294138889,46.9753916667,3,8,-3.54235792160034,2.93279552459717,-0.605706512928009,-1.44997370243073,-0.793882608413696,-1.1318678855896
background,-121.6554374447,46.9192225396,2,3,1.31999826431274,-1.47475254535675,-1.45597660541534,2.01644349098206,1.06543636322021,0.736453473567963
background,-121.7077116667,46.902705,6,9,3.73392820358276,-0.438483327627182,-0.828567087650299,0.148716419935226,-1.14739239215851,-1.6137273311615
background,-121.6385116667,46.8687366667,6,4,0.476427167654037,-2.10267615318298,0.330976098775864,1.17088162899017,-0.514186382293701,1.53433346748352
background,-121.7157330249,46.7949285105,6,9,3.27029347419739,0.316485553979874,2.98132705688477,-0.988518059253693,-0.893431305885315,-0.524975597858429
background,-121.744151814,46.7867185409,6,2,1.88157415390015,0.201083615422249,2.80530738830566,-1.08376133441925,-0.744284272193909,-1.20363700389862
background,-121.7268133333,46.8058466667,6,9,4.97938680648804,0.0715568885207176,2.52791237831116,0.101702407002449,0.946791350841522,-0.855161845684052
background,-121.5896222222,46.9192333333,2,3,-0.389887124300003,-2.21724796295166,-1.51801860332489,-1.51354026794434,-1.02465856075287,-0.976418972015381
background,-121.7180333333,46.7898616667,6,9,2.62163901329041,0.250388383865356,2.95630311965942,-0.27652582526207,-0.607323825359344,0.728068232536316
background,-121.7966779321,46.7671667481,1,6,-3.1906476020813,-0.31068754196167,1.82755494117737,-1.06130480766296,-0.68310022354126,0.56062638759613
background,-121.733543396,46.7880134583,2,2,2.19487929344177,0.182729914784431,3.05967140197754,0.433933973312378,-0.464843600988388,0.396872937679291
background,-121.6715527533,46.8994653447,6,2,0.0977045744657516,-1.39551520347595,-0.26278954744339,1.64942800998688,-0.658533811569214,-0.468067198991776
background,-121.734825,46.7983883333,6,2,3.40490579605103,0.0618176460266113,3.07011961936951,1.43546271324158,-0.470377266407013,-0.10875279456377
background,-121.623955,46.8744866667,4,6,-1.03238749504089,-2.49985408782959,-0.465249836444855,-0.141708850860596,-0.32703885436058,0.907102942466736
background,-121.9074783333,46.9345866667,2,1,-2.33350586891174,3.65838170051575,-0.847976446151733,-0.00880571268498898,-0.729243755340576,1.47407639026642
background,-121.6477966667,46.9186033333,2,3,0.912906289100647,-1.61309349536896,-1.76921081542969,-0.221649810671806,1.41381680965424,-0.564171433448792
background,-121.9138555556,46.7382888889,7,8,-5.50765657424927,0.327064841985703,0.674562096595764,-1.80412638187408,-0.630692601203918,-0.990701138973236
background,-121.9174888889,46.7406888889,3,1,-5.90483522415161,0.404321432113647,0.532345771789551,-2.40428376197815,-0.638308465480804,0.356295257806778
background,-121.6349626127,46.7652796312,2,3,-4.39175271987915,-2.70892262458801,0.667599856853485,-1.98252415657043,-0.00832238793373108,1.03562569618225
background,-121.7453783333,46.7874,6,2,1.88642370700836,0.202479422092438,2.93687057495117,-0.345612227916718,-0.135941624641418,-0.86929589509964
background,-121.6029434204,46.9163513184,2,6,0.332241773605347,-2.00885486602783,-1.40924847126007,0.989322066307068,2.09369874000549,0.467273682355881
background,-121.8630616667,46.9289633333,6,6,-0.937661290168762,3.32156300544739,-0.845394432544708,1.52164006233215,-1.16521906852722,-1.25763916969299
background,-121.9073027778,46.7387555556,7,8,-5.90316390991211,0.21194052696228,0.491562336683273,-2.17084741592407,-0.568643689155579,-0.15937751531601
background,-121.735595,46.7950966667,2,2,2.8750638961792,0.080209344625473,2.82275724411011,0.513182282447815,0.705264091491699,-1.69009017944336
background,-121.80532637,46.75706397,1,6,-4.01274061203003,-0.395848214626312,1.04085719585419,-1.93134915828705,-0.433476626873016,0.704436421394348
background,-121.8865722222,46.7521138889,1,4,-5.64110851287842,-0.122661285102367,0.652183830738068,0.60851001739502,1.05546462535858,-0.992951810359955
background,-121.7801444444,46.7805138889,6,3,-1.34707951545715,0.0755083188414574,2.91388392448425,0.538881838321686,0.02935098297894,-1.19690704345703
background,-121.8188857009,46.7354924139,1,1,-5.33288383483887,-0.772994339466095,0.75009685754776,0.775121331214905,-0.659142315387726,0.22840029001236
background,-121.6627228983,46.91545226,2,9,0.964377582073212,-1.41389060020447,-1.32165968418121,1.46151626110077,-0.93042129278183,1.63317120075226
background,-121.6483664417,46.9137381017,4,9,0.460834115743637,-1.54617702960968,-1.88273918628693,-1.72710943222046,0.330403447151184,-1.16770946979523
background,-121.64649778,46.91335665,4,9,0.489516347646713,-1.55990898609161,-1.84063446521759,-1.71683526039124,-0.140859678387642,-0.945247411727905
background,-121.8587944444,46.9238555556,6,6,-0.907977223396301,3.27986907958984,-0.71622097492218,2.41053819656372,-0.434779554605484,0.555293083190918
background,-121.7200854422,46.7755630659,6,9,1.29306423664093,0.252444475889206,2.96481728553772,1.18908131122589,-0.385635077953339,-0.738577902317047
background,-121.7215526943,46.7765220395,6,9,1.43939769268036,0.222220733761787,2.76055097579956,0.1039859354496,0.0729526728391647,-1.15397691726685
background,-121.6750206446,46.9326296128,6,3,1.90316200256348,-1.06672656536102,-2.13752174377441,-1.54656076431274,0.441418498754501,0.78433746099472
background,-121.679175,46.9104383333,2,9,2.1193323135376,-1.13820588588715,-1.82623291015625,-2.12483549118042,-0.240405678749084,-0.65058296918869
background,-121.7320033333,46.787505,2,2,2.14790463447571,0.212739676237106,2.83310127258301,-1.74119305610657,0.220826908946037,1.02157723903656
background,-121.5609133333,46.741345,6,6,-5.36767721176147,-3.68741035461426,2.17972111701965,1.65347695350647,0.320262312889099,-1.15549838542938
background,-121.6779472222,46.9650027778,6,9,0.0429516993463039,-1.12344717979431,-1.50550782680511,1.97876083850861,-1.28589475154877,-0.328182131052017
background,-121.70727,46.7678116667,6,3,-0.473783582448959,-0.220360189676285,2.52326846122742,0.528254806995392,-0.141086980700493,-0.269210785627365
background,-121.7830116667,46.7963783333,6,9,1.52433526515961,-0.249989300966263,2.28753256797791,-1.97862195968628,-0.704986035823822,1.30919969081879
background,-121.7486366667,46.7715783333,2,2,-0.258621484041214,0.191260188817978,2.61487722396851,-1.32788598537445,-0.924643397331238,-1.58495986461639
background,-121.7453,46.77525,2,9,0.457458138465881,0.206620767712593,2.82121014595032,-0.976624429225922,-0.428623646497726,1.11937820911407
background,-121.7407,46.7779283333,2,3,0.692118287086487,0.245396286249161,2.947669506073,-0.191174522042274,-0.365114241838455,1.32486796379089
background,-121.66993,46.9083133333,6,9,1.8339409828186,-1.23143076896667,-1.36167800426483,0.734694063663483,0.640724301338196,1.15955638885498
background,-121.83846083,46.91930089,6,9,0.482269614934921,3.63930749893188,-1.27810430526733,-0.123262003064156,-0.529214203357697,-1.272256731987
background,-121.84074054,46.91879027,6,9,0.41620284318924,3.64958143234253,-0.945491015911102,1.79302179813385,-0.705757439136505,0.535725474357605
background,-121.5864116667,46.9182283333,2,3,-0.0494768172502518,-1.92864155769348,-1.43960547447205,0.321345925331116,1.89737248420715,0.500115990638733
background,-121.7272333333,46.76853,2,2,0.803746163845062,0.0949094817042351,2.71661448478699,-0.339250266551971,-1.51135838031769,-1.61110973358154
background,-121.6418916667,46.9126283333,4,9,0.506405651569366,-1.71223473548889,-1.87255764007568,-2.11598467826843,-0.12230721861124,-0.374816805124283
background,-121.7348866667,46.7883616667,2,2,2.08342933654785,0.192936450242996,2.95067596435547,0.133361101150513,-0.435867488384247,1.59565162658691
background,-121.8138277778,46.7589694444,6,9,-3.10528445243835,-0.358929365873337,1.05297267436981,-2.03180193901062,0.147435501217842,0.0422172471880913
background,-121.8154278618,46.7577325717,6,9,-2.95793962478638,-0.247720390558243,0.79067450761795,-1.7681804895401,2.68003249168396,0.86090886592865
background,-121.8132092073,46.760045601,6,9,-2.66677951812744,-0.123298510909081,0.719327032566071,-1.10308861732483,5.44972991943359,0.529449164867401
background,-121.7326583333,46.769455,2,2,0.92765486240387,0.144597500562668,2.48784947395325,-2.49151945114136,-0.957521498203278,-0.0105768674984574
background,-121.7027283333,46.775745,6,3,-0.998627543449402,-0.325037032365799,2.95783185958862,1.27979969978333,-0.788800299167633,-0.117151789367199
background,-121.7354583333,46.79977,6,2,3.64112615585327,0.0344504974782467,2.48953866958618,-1.87962746620178,0.848872780799866,-1.13649523258209
background,-121.732925,46.8045533333,6,9,4.23130464553833,0.107648573815823,2.81384658813477,1.12787520885468,0.253373831510544,-0.965170800685883
background,-121.79245,46.9479033333,6,3,-2.05942296981812,3.28361225128174,-0.623088598251343,2.13960218429565,-0.200420305132866,-0.699660956859589
background,-121.7302866667,46.802055,6,9,4.12791776657104,0.0243746545165777,2.69126224517822,0.715808689594269,0.135734498500824,-0.404439061880112
background,-121.7930133333,46.769,1,2,-2.89055061340332,-0.235274985432625,1.99019634723663,-1.19760060310364,-0.384305596351624,1.30467629432678
background,-121.69507,46.9049033333,6,9,2.81653213500977,-0.736468434333801,-1.11052644252777,-0.997533559799194,-0.518605947494507,1.59762251377106
background,-121.5651555556,46.7626444444,6,6,-4.8375391960144,-3.5045907497406,1.47056448459625,-0.633554518222809,-0.580946683883667,-1.37687730789185
background,-121.7027583333,46.8864861111,6,6,2.79716062545776,-0.30648735165596,1.08862209320068,0.703137457370758,-0.96708881855011,0.462018370628357
background,-121.7165916667,46.8770444444,6,9,7.50680875778198,-0.64012336730957,-0.245561808347702,-1.64840602874756,0.469756841659546,1.1171715259552
background,-121.734628707,46.7872295359,2,2,2.25168371200562,0.23601521551609,3.26725649833679,1.66777956485748,-0.572156846523285,-0.53088915348053
background,-121.7897720337,46.9451904297,6,3,-1.68492496013641,3.06940340995789,-0.540034651756287,1.93803679943085,-1.23531496524811,-0.423168271780014
background,-121.6748428345,46.9177856445,2,9,1.34910440444946,-1.28020203113556,-1.77387344837189,-1.7805655002594,-1.09076619148254,0.632651448249817
background,-121.7321466667,46.8033216667,6,2,4.2104606628418,0.0121612194925547,2.26497149467468,-2.2912220954895,1.15516555309296,0.79655933380127
background,-121.73282,46.8042916667,6,9,4.27866697311401,0.109886720776558,2.56701374053955,-0.459120184183121,0.78643137216568,-0.0995641797780991
background,-121.9142533333,46.7946133333,2,6,0.715386986732483,0.951270878314972,1.17547237873077,1.90066301822662,4.39484357833862,-0.778657734394073
background,-121.8315283333,46.9225883333,6,9,1.35017955303192,3.64754414558411,-0.949884831905365,1.83061933517456,-1.37764036655426,0.87356173992157
background,-121.81447,46.7517966667,1,6,-4.48540925979614,-0.57925009727478,0.951307833194733,-1.17824637889862,-0.865163922309875,1.65884709358215
background,-121.717300931,46.7901286533,6,9,2.78533315658569,0.246615767478943,2.97956967353821,-0.302965313196182,-0.170755609869957,1.68194115161896
background,-121.6416168213,46.9148597717,2,9,0.73997288942337,-1.74416828155518,-1.64362490177155,-1.28561556339264,-0.998220801353455,1.10635995864868
background,-121.5654067993,46.7367286682,6,2,-5.857421875,-3.83671545982361,2.18925404548645,1.17475652694702,-0.198864743113518,1.21184062957764
background,-121.7460866667,46.77433,2,9,0.134852200746536,0.237719476222992,2.84953832626343,-0.356614857912064,-0.886186599731445,1.00429725646973
background,-121.64865454,46.9138188283,4,9,0.39612877368927,-1.54992568492889,-1.76237881183624,-0.890112340450287,0.0683677792549133,-1.46028637886047
background,-121.649802095,46.9143082767,2,9,0.380638271570206,-1.58339619636536,-1.92405557632446,-2.20785808563232,-0.190839901566505,-0.104692161083221
background,-121.6539559133,46.9129703283,2,9,0.396463811397552,-1.4760103225708,-1.65879774093628,-0.379831224679947,-0.496046006679535,-1.13360798358917
background,-121.6554688817,46.9128326817,2,9,0.438782006502151,-1.47565972805023,-1.38489484786987,1.25358211994171,-0.875328183174133,-0.757924795150757
background,-121.5634083333,46.7561972222,6,6,-5.05391979217529,-3.68835735321045,1.63929092884064,-1.22317028045654,-0.505162417888641,1.22534251213074
background,-121.56605555,46.73583536,6,2,-5.90814733505249,-3.8326268196106,1.74089634418488,-2.06043386459351,-0.703739166259766,-0.609131395816803
background,-121.79524487,46.76870186,1,3,-3.05571126937866,-0.241163089871407,2.15786528587341,0.379175573587418,-1.10659623146057,1.34272241592407
background,-121.7798538208,46.780632019,6,3,-1.24678337574005,0.0980384573340416,2.77880573272705,-0.405790358781815,0.0288933031260967,-1.01500225067139
background,-121.5596166667,46.7519383333,6,6,-5.0851092338562,-3.79456090927124,2.05624485015869,0.213671252131462,-0.937550961971283,-0.672016501426697
background,-121.642105,46.9125533333,4,9,0.48623114824295,-1.66547179222107,-1.87195730209351,-1.84349989891052,0.227640584111214,-0.998652935028076
background,-121.74392,46.77368,2,2,0.941328406333923,0.200033321976662,2.99518418312073,1.05132842063904,-0.0834727734327316,0.993219375610352
background,-121.8985594259,46.7725858502,2,4,2.00800514221191,0.430970698595047,1.69976353645325,-0.408243954181671,2.70984625816345,-0.501218497753143
background,-121.73732,46.7902216667,2,2,2.48734378814697,0.171784892678261,3.1107006072998,1.97034108638763,-0.408242642879486,0.467175662517548
background,-121.663963,46.9191592783,2,9,1.23281896114349,-1.34666085243225,-1.4067929983139,1.91800475120544,-1.40028238296509,-0.487899631261826
background,-121.6595,46.9153283333,2,9,0.881183326244354,-1.46225917339325,-1.37695229053497,1.1071742773056,-1.09659171104431,-1.13003313541412
background,-121.8153762817,46.751159668,1,6,-4.80672645568848,-0.6098273396492,1.05718684196472,1.09514534473419,-0.408647239208221,0.0626783221960068
background,-121.8584273532,46.9780903493,6,6,-2.84170293807983,3.64594221115112,-0.305939197540283,2.41452193260193,-1.47164535522461,0.809779465198517
background,-121.732575,46.789445,2,2,2.24612355232239,0.218146592378616,3.02947902679443,0.496411174535751,0.197796642780304,0.944176495075226
background,-121.6660916667,46.9184783333,2,9,1.32270801067352,-1.36787748336792,-1.46780407428741,1.10384297370911,-0.400059670209885,1.48512995243073
background,-121.58607755,46.92357894,2,3,-0.833087205886841,-2.21786952018738,-1.24647235870361,1.69532561302185,-0.166268974542618,-0.792118787765503
background,-121.9207083333,46.978345,2,6,-0.968824565410614,4.68225717544556,-0.922338545322418,1.8532018661499,-1.3120504617691,0.247412174940109
background,-121.717545,46.7899633333,6,9,2.71663928031921,0.253833383321762,2.73565292358398,-1.71352243423462,-0.313079476356506,0.581057727336884
background,-121.7288366667,46.8049033333,6,9,4.84309911727905,0.0330116078257561,2.21829771995544,-2.16941380500793,1.23595345020294,-0.198693424463272
background,-121.7358867546,46.7883648724,2,2,2.09369516372681,0.178447365760803,2.95220327377319,0.429347515106201,-0.679580986499786,-1.00806999206543
background,-121.56128,46.7391083333,6,6,-5.55534553527832,-3.72107577323914,1.90577638149261,-0.352694243192673,0.321098119020462,-0.580324769020081
background,-121.68544,46.9598916667,6,9,0.0511569306254387,-1.03002691268921,-1.53631031513214,1.71994638442993,-1.23536443710327,0.698071300983429
background,-121.6803816667,46.9636683333,6,9,0.0598908886313438,-1.11685073375702,-1.700155377388,0.634478032588959,-1.29799854755402,-0.691050410270691
background,-121.6363966667,46.7656866667,2,3,-4.53040933609009,-2.64384150505066,0.798878073692322,-0.00617401441559196,0.381577044725418,1.33976686000824
background,-121.8813171387,46.8483581543,2,4,-3.082843542099,2.10631775856018,0.00596766173839569,-0.41977447271347,0.328997403383255,1.68106317520142
background,-121.8066033333,46.7541383333,1,6,-4.28599786758423,-0.490095734596252,0.875027418136597,-1.83588862419128,-0.548561632633209,0.151650249958038
background,-121.6368416667,46.7665583333,2,3,-4.64546489715576,-2.70784473419189,0.703877329826355,-0.839183390140533,-1.0196875333786,0.891214549541473
background,-121.8173668161,46.7515513427,1,6,-4.47952461242676,-0.518635749816895,0.956899344921112,0.27459242939949,-0.0144676398485899,0.479846328496933
background,-121.8489611111,46.7483611111,1,2,-5.259605884552,-0.575317800045013,0.733177423477173,-0.272870808839798,-0.154256984591484,1.76663291454315
background,-121.84925,46.7484694444,1,2,-5.23479080200195,-0.683955609798431,0.861832022666931,1.02275431156158,-0.181341663002968,0.196351706981659
background,-121.8216033333,46.751445,6,9,-3.46654415130615,-0.450113624334335,1.22184538841248,1.61584627628326,1.27347433567047,1.05969893932343
background,-121.5567866667,46.7602083333,6,6,-4.95858860015869,-3.76844930648804,1.4661728143692,-1.84602272510529,-0.471319109201431,1.298459649086
background,-121.8988379091,46.742938953,7,1,-6.04139041900635,0.0877621993422508,0.816849172115326,0.652465581893921,-0.896834433078766,1.77232241630554
background,-121.7328866667,46.7906633333,2,2,2.32365703582764,0.152283638715744,2.78732228279114,-1.60523843765259,-0.39446634054184,1.04056596755981
background,-121.7371739249,46.7901310203,2,2,2.51024627685547,0.180338114500046,3.13617300987244,2.10422658920288,-0.464023381471634,0.299646079540253
background,-121.7336716667,46.7860616667,2,2,2.03093290328979,0.250619828701019,2.73758339881897,-2.02273225784302,-0.590302228927612,-1.11896908283234
background,-121.9156805556,46.7387472222,7,8,-5.73329496383667,0.365035682916641,0.652393519878387,-1.46547091007233,-0.523925244808197,-0.228491276502609
background,-121.8126453936,46.7502205178,1,2,-4.51448440551758,-0.624942183494568,1.1336030960083,0.785029649734497,-0.475741535425186,1.62332737445831
background,-121.8867638889,46.7371027778,7,8,-5.98305559158325,-0.121060334146023,0.772500336170197,0.601400375366211,-0.771730482578278,1.53434264659882
background,-121.8891055556,46.9423694444,2,6,-1.93755066394806,3.80312538146973,-0.423945724964142,2.46162104606628,-1.08629310131073,0.0922160297632217
background,-121.8899527778,46.9428027778,2,6,-1.96032273769379,3.81100511550903,-0.82390969991684,-0.287165582180023,-1.37630295753479,-0.726244628429413
background,-121.8916694444,46.941375,2,6,-2.0365731716156,3.73721361160278,-1.0523898601532,-1.81980049610138,-1.11879312992096,0.379864722490311
background,-121.6727888889,46.9179944444,2,9,1.33150327205658,-1.29238951206207,-1.73818027973175,-1.48201811313629,-1.45883977413177,0.327843695878983
background,-121.69158,46.9160916667,6,1,1.13616490364075,-0.929921209812164,-1.67744576931,-1.98909652233124,-0.997307181358337,0.789286255836487
background,-121.912025,46.738475,7,8,-5.4260950088501,0.315116941928864,1.21316182613373,1.52989530563354,-1.02212262153625,1.3106142282486
background,-121.7325216667,46.7911116667,2,2,2.47206926345825,0.218434676527977,3.10515475273132,1.34157252311707,0.666444957256317,-0.198158577084541
background,-121.7227694444,46.7698638889,2,9,0.529183447360992,0.195691630244255,2.73651838302612,0.93733423948288,0.671276092529297,-1.58232724666595
background,-121.8849734014,46.9445508784,2,6,-1.72091686725616,3.87363338470459,-0.447248518466949,2.4432475566864,-1.09870660305023,0.108755253255367
background,-121.7503805556,46.7835972222,6,2,1.57652866840363,0.206033006310463,3.08934307098389,0.800690889358521,0.377967447042465,1.20834898948669
background,-121.7177716667,46.7944616667,6,9,3.38291263580322,0.240926221013069,2.8805947303772,-0.892166972160339,0.871288895606995,0.901439547538757
background,-121.6497633333,46.9120366667,4,9,-0.0219620317220688,-1.58460247516632,-1.69354736804962,-1.02868902683258,-1.68039786815643,1.31051456928253
background,-121.6499333333,46.912,4,9,0.112743116915226,-1.5939816236496,-1.37014150619507,1.79061675071716,-0.595656275749207,0.633944809436798
background,-121.6482866667,46.9050633333,4,3,-0.814063906669617,-1.57700991630554,-1.01351678371429,1.70346665382385,-0.942154765129089,1.56193804740906
background,-121.6448283333,46.9045,4,3,-1.02080917358398,-1.63537919521332,-1.41629457473755,-0.854930996894836,-0.547023355960846,-0.379421144723892
background,-121.6412966667,46.9044916667,4,3,-1.19668555259705,-1.72792983055115,-1.59004986286163,-1.47392439842224,-0.183752775192261,-1.30358338356018
background,-121.72338,46.77335,6,9,0.906534671783447,0.131208226084709,2.65482997894287,-0.753744840621948,-0.741170883178711,-0.869354426860809
background,-121.6963416667,46.8929416667,6,3,1.58570230007172,-0.641336023807526,0.445757746696472,0.995927393436432,-0.360931545495987,1.02392137050629
background,-121.5805722222,46.8934027778,4,2,-3.24084901809692,-3.51472878456116,-0.659165859222412,0.933898448944092,-1.31175136566162,-0.11194683611393
background,-121.6414875818,46.9123306219,4,9,0.411511480808258,-1.69304287433624,-1.87843024730682,-2.09848809242249,0.471873968839645,0.406505972146988
background,-121.6398371853,46.9128304296,4,9,0.349159359931946,-1.72463750839233,-1.48925924301147,0.800811171531677,-0.460299968719482,-1.64568495750427
background,-121.7058333333,46.7662027778,6,9,-0.339338004589081,-0.341591030359268,2.09873461723328,-2.06799912452698,-0.576168656349182,0.915636003017426
background,-121.8342056274,46.7862243652,6,4,0.0608196705579758,0.255242437124252,1.94041347503662,-0.978598356246948,-1.1264066696167,1.80302703380585
background,-121.6949694444,46.8935055556,6,2,1.51752352714539,-0.661024630069733,0.251159578561783,0.434332937002182,-0.324372529983521,-1.49273467063904
background,-121.773925,46.7796111111,2,3,-1.00460648536682,0.0735073015093803,2.7414870262146,-1.33845210075378,0.0872942805290222,-0.688151240348816
background,-121.7957777778,46.7672222222,1,2,-3.13461494445801,-0.256231486797333,2.00421261787415,0.351761728525162,-0.532036244869232,-0.349976271390915
background,-121.730055,46.7682333333,2,2,0.508448839187622,0.127443000674248,2.3742241859436,-1.92283749580383,-0.761207759380341,0.30433002114296
background,-121.814645,46.7519216667,1,6,-4.52980375289917,-0.616472780704498,0.963037133216858,-0.19200025498867,-0.172217026352882,1.06651747226715
background,-121.6837083333,46.9171533333,6,1,1.00198304653168,-1.12024188041687,-1.63804018497467,-0.82748007774353,0.141064032912254,1.5775043964386
background,-121.7832369937,46.7890985023,6,3,-0.0282349158078432,-0.0178406033664942,3.04612421989441,1.81556296348572,-0.594346284866333,-0.689545691013336
background,-121.8858277778,46.7952888889,1,4,-3.31776881217957,0.370046764612198,1.15794682502747,1.09504616260529,-1.00709331035614,1.38421380519867
background,-121.8858805556,46.7868944444,1,2,-3.6071617603302,0.233912661671638,1.1663316488266,1.24705290794373,-1.05425405502319,-0.962213397026062
background,-121.6672805556,46.7650972222,2,6,-3.20407819747925,-1.91506838798523,1.09414327144623,1.86895215511322,1.04076623916626,0.18538998067379
background,-121.5626888889,46.7565083333,6,6,-5.02899360656738,-3.6763744354248,1.93370962142944,1.22186589241028,0.0286469366401434,0.89968740940094
background,-121.730070307,46.8063521565,6,9,4.67616653442383,-0.000536388193722814,2.62622833251953,-0.297209709882736,-0.0576850101351738,1.44118905067444
background,-121.8667366667,46.93555,6,4,-0.682153284549713,3.34539532661438,-0.877974390983582,1.04411268234253,-0.864937126636505,-0.575207769870758
background,-121.7270133333,46.7932583333,6,3,2.49735760688782,0.268309712409973,3.05353331565857,-0.76409250497818,-0.180274933576584,1.72936952114105
background,-121.6688777778,46.9001111111,4,2,-0.122396014630795,-1.43116056919098,-0.78496128320694,-1.3700578212738,-0.97402161359787,-1.12034177780151
background,-121.8128055556,46.7428944444,1,1,-5.04019021987915,-0.627937972545624,0.621406853199005,-0.723285377025604,-0.564326643943787,1.35614275932312
background,-121.693145752,46.9618225098,4,3,0.0148567482829094,-0.929316878318787,-2.25732779502869,-1.55060791969299,1.92064297199249,-0.821913123130798
background,-121.6659088135,46.9707641602,6,9,-0.48311710357666,-1.25989639759064,-2.07320094108582,-1.33043825626373,-0.858823001384735,-0.459057450294495
background,-121.7021722222,46.7760361111,6,3,-0.861488699913025,-0.325650960206985,2.59157156944275,-1.53771913051605,-0.521157205104828,0.319836497306824
background,-121.58735,46.917725,2,3,0.0148891285061836,-1.92924571037292,-1.49142038822174,-0.390362650156021,1.23716139793396,-0.98615163564682
background,-121.73278,46.7900666667,2,2,2.26370120048523,0.179691031575203,2.77173972129822,-1.45970118045807,-0.448301464319229,-0.955503404140472
background,-121.7325283333,46.791705,2,2,2.45082664489746,0.181902274489403,2.80399560928345,-1.61634683609009,-0.15017706155777,0.889388859272003
background,-121.74128,46.78413,6,2,2.14713048934937,0.193648040294647,3.06395745277405,0.223191246390343,-0.593804538249969,0.385771781206131
background,-121.6817861111,46.9628694444,6,9,-0.134901031851768,-1.08878123760223,-1.8104510307312,0.535549998283386,-1.20931279659271,-1.45238745212555
background,-121.654145,46.982855,6,9,-1.35226559638977,-1.52064216136932,-1.71969401836395,-0.359056770801544,-0.706683814525604,1.45598137378693
background,-121.74157,46.7854,6,2,1.91766536235809,0.174689963459969,2.72888588905334,-1.21400499343872,-0.514173567295074,-0.5183145403862
background,-121.7190166667,46.774125,6,9,1.51888382434845,0.274155795574188,2.37141537666321,-1.81949424743652,3.12526774406433,-1.70781528949738
background,-121.7411240191,46.7845283077,6,2,2.14743423461914,0.224141672253609,3.1144106388092,0.579231441020966,-0.517062604427338,1.4290999174118
background,-121.8870305556,46.7815111111,1,4,-3.65331125259399,0.138119250535965,0.694460570812225,-2.33092498779297,-1.11853396892548,0.819658696651459
background,-121.79538,46.7661783333,1,2,-3.18960571289062,-0.306120008230209,2.15266370773315,1.67612242698669,-0.64881157875061,-0.539454460144043
background,-121.7415916667,46.7859533333,6,2,1.87691080570221,0.183707430958748,3.02266335487366,0.37160661816597,-1.08407759666443,0.567496359348297
background,-121.8131487626,46.7491157686,1,2,-4.65356683731079,-0.563791453838348,1.11907863616943,1.27341043949127,-0.879907190799713,-1.11053228378296
background,-121.7317694444,46.8027777778,6,9,4.24585723876953,0.0381666496396065,2.4888916015625,-1.36477112770081,0.498678594827652,0.329539507627487
background,-121.6667670098,46.9171057706,2,9,1.345010638237,-1.26434874534607,-1.86925685405731,-1.49007844924927,-0.294263482093811,-0.563104212284088
background,-121.7630472222,46.9622111111,6,6,1.74667131900787,2.18258309364319,-0.908559143543243,-0.803650736808777,0.654964685440063,-1.67864811420441
background,-121.7569361111,46.9591555556,6,13,1.11203408241272,1.8487845659256,-0.642223179340363,0.648187339305878,-0.834596276283264,-0.0216617789119482
background,-121.747825,46.9365583333,6,9,2.03582715988159,1.12085032463074,-0.524595499038696,1.52662003040314,-0.456620514392853,-0.0878642424941063
background,-121.7467722222,46.9290111111,6,9,2.49685025215149,0.939709186553955,-0.820286810398102,-1.23870170116425,-1.0452675819397,-0.0415199846029282
background,-121.7447722222,46.9273444444,6,9,2.96917867660522,0.816576540470123,-0.810622155666351,-1.00398254394531,0.38226443529129,0.737976491451263
background,-121.7533944444,46.9471472222,6,3,1.55499053001404,1.60101783275604,-0.980132937431335,0.0569738186895847,-0.229357540607452,-1.65037143230438
background,-121.7191383333,46.7956866667,6,3,3.50396943092346,0.247005313634872,2.96762752532959,0.496928751468658,0.918416321277618,-0.328103959560394
background,-121.67772,46.9160083333,2,9,1.26657843589783,-1.14970695972443,-1.68755519390106,-1.22090494632721,-0.64590847492218,0.682950019836426
background,-121.6674633333,46.9177966667,2,9,1.42148041725159,-1.3052442073822,-1.6659951210022,0.149006873369217,-0.113808251917362,-1.68942964076996
background,-121.7214966667,46.7922833333,6,3,2.24830675125122,0.29587259888649,3.16747879981995,-0.532068133354187,-1.40276384353638,-0.727116942405701
background,-121.7546388889,46.9519388889,6,6,1.63372182846069,1.75122451782227,-0.671489596366882,1.61827600002289,-0.902181267738342,0.782809972763062
background,-121.7570111111,46.9592694444,6,13,1.13988351821899,1.84627985954285,-0.937366962432861,-1.4074273109436,-0.807802736759186,-0.946497559547424
background,-121.7644805556,46.9597888889,6,6,0.210827484726906,2.05336356163025,-0.614007115364075,2.47760033607483,-0.468556135892868,0.124233543872833
background,-121.7686527778,46.9596972222,6,6,0.206611171364784,2.19139456748962,-0.817833960056305,0.524389564990997,-0.0715644508600235,1.73705756664276
background,-121.7689888889,46.9597583333,6,6,0.380777329206467,2.2124195098877,-0.647969782352448,1.43348002433777,-0.235819384455681,1.56982851028442
background,-121.735655,46.7867883333,2,2,2.03882932662964,0.197126999497414,2.78209805488586,-1.63071060180664,-0.69004625082016,1.45065224170685
background,-121.7356116667,46.7867916667,2,2,2.03299498558044,0.202801659703255,2.74659967422485,-1.81006920337677,-0.734778344631195,0.698327124118805
background,-121.6869737327,46.9214487791,6,1,0.303667902946472,-1.16771686077118,-1.30531644821167,1.18273973464966,-1.44808113574982,-0.873577952384949
background,-121.634475,46.9187666667,2,3,0.860373318195343,-1.80513298511505,-1.79358220100403,-0.916167080402374,1.23831820487976,-1.25572240352631
background,-121.65172,46.9155783333,2,9,0.688577771186829,-1.57130932807922,-1.38571226596832,1.17905068397522,-0.839195668697357,0.945160150527954
background,-121.6998729803,46.7608648653,6,9,-0.853419780731201,-0.710506916046143,1.99354827404022,-0.0658038705587387,-1.24036693572998,-0.947592496871948
background,-121.7330546771,46.8048727373,6,9,4.16950368881226,0.104224398732185,2.81774401664734,1.21360766887665,0.327381610870361,-1.23853075504303
background,-121.7343304028,46.8023068691,6,2,3.87549638748169,0.0225596372038126,2.84019041061401,0.421127498149872,0.182265862822533,0.90187931060791
background,-121.6743425467,46.9283954613,6,3,1.87465631961823,-1.10678887367249,-2.06746220588684,-1.01746773719788,1.79423594474792,0.637467443943024
background,-121.7735824585,46.7655334473,2,3,-2.17035102844238,-0.064629502594471,2.38096070289612,1.40038251876831,-0.632738471031189,1.38352227210999
background,-121.7367866667,46.7863966667,2,2,2.18441462516785,0.203990742564201,2.7504985332489,-1.85796940326691,-0.546057403087616,0.856776893138885
background,-121.7207641602,46.7793083191,6,9,1.63852417469025,0.236468642950058,2.961918592453,0.468606054782867,-0.99533885717392,-0.0372780226171017
background,-121.8832033333,46.9554883333,6,4,0.103135876357555,3.8396475315094,-1.36199235916138,-0.425888657569885,0.0579058304429054,-1.62206315994263
background,-121.8781966667,46.9548833333,6,4,0.131225273013115,3.7736382484436,-1.18932557106018,-1.69942569732666,-0.977066338062286,-0.511318743228912
background,-121.7085741962,46.7676771456,6,3,-0.419547855854034,-0.220647662878036,2.54610347747803,0.0401813127100468,-0.814997971057892,-0.559270977973938
background,-121.8631966667,46.8316466667,6,9,2.39975142478943,1.09202980995178,1.71156704425812,-1.31956899166107,-0.228504717350006,0.418666064739227
background,-121.8624283333,46.8200033333,2,9,0.263632506132126,0.908719539642334,1.99238657951355,2.08180332183838,0.425696164369583,-0.492230653762817
background,-121.87748,46.8353533333,6,4,1.33834779262543,1.3269749879837,1.3757529258728,-0.11759726703167,-1.0527538061142,1.06058311462402
background,-121.666895,46.9172883333,2,9,1.35486221313477,-1.31694412231445,-1.8094494342804,-1.10198986530304,-0.43901339173317,-1.26721215248108
background,-121.6885,46.9254583333,6,1,0.0643327161669731,-1.11222529411316,-1.66013753414154,-1.45322024822235,-1.6712474822998,-0.223998293280602
background,-121.7357861111,46.7562055556,2,3,2.56307125091553,0.51739639043808,2.62937760353088,-0.285498172044754,1.00149691104889,1.44417440891266
background,-121.7328861111,46.7662972222,2,3,1.10956978797913,0.198236957192421,2.64958214759827,0.928446352481842,1.20945358276367,-0.102871030569077
background,-121.5792166667,46.912155,4,3,-2.003493309021,-2.92205095291138,-0.955102443695068,1.86217260360718,-0.390296041965485,-1.07308053970337
background,-121.579195,46.9118716667,4,3,-2.01771378517151,-2.92689919471741,-1.37474632263184,-1.32523131370544,0.182950034737587,-0.358855992555618
background,-121.7220533333,46.7978166667,6,9,3.77851366996765,0.177294820547104,2.53582215309143,-2.65625047683716,0.451885908842087,-0.230421051383018
background,-121.7373116667,46.7788583333,2,3,0.889030158519745,0.262022584676743,3.19179058074951,1.51686060428619,-0.728935182094574,0.424211055040359
background,-121.6709283333,46.9157033333,2,9,1.49937868118286,-1.26613068580627,-1.7905467748642,-0.914632081985474,-1.13942301273346,-1.40457403659821
background,-121.7118083333,46.7991033333,6,9,3.66221618652344,0.364958196878433,3.02146768569946,-1.76954102516174,-0.837091565132141,-0.960842251777649
background,-121.7044366667,46.7647133333,6,9,-0.127792418003082,-0.40391543507576,2.05592703819275,-2.21421813964844,-0.143701523542404,0.781925022602081
background,-121.7219466667,46.80208,6,9,4.19725513458252,0.152763321995735,2.78360271453857,-1.20595526695251,-0.662938714027405,0.422721832990646
background,-121.6736305556,46.9242055556,6,3,1.82276880741119,-1.15222299098969,-1.76278710365295,0.383786022663116,0.0469141528010368,0.318244367837906
background,-121.6958616667,46.8932833333,6,3,1.50176393985748,-0.691466331481934,0.169235423207283,-0.561040937900543,-1.00073099136353,-1.14589071273804
background,-121.6487716667,46.901155,4,8,-1.06881940364838,-1.73038506507874,-1.2707554101944,-1.90927040576935,-0.438094079494476,-0.668480098247528
background,-121.7353367486,46.7607174402,6,3,1.66252422332764,0.385703325271606,2.13548755645752,-2.02001476287842,0.546121716499329,-0.963673412799835
background,-121.730808935,46.767645403,2,2,0.586164772510529,0.133096277713776,2.37898325920105,-1.30942487716675,-0.276921808719635,-0.806125283241272
background,-121.72786772,46.76837987,2,2,0.775806427001953,0.103603802621365,2.6860089302063,-0.576653659343719,-1.54561018943787,-1.54091155529022
background,-121.8808822632,46.9575195313,6,3,0.611795246601105,3.73689579963684,-1.1595892906189,0.969561815261841,2.66286730766296,-0.355018973350525
background,-121.7418583333,46.786025,6,2,1.81099247932434,0.170690909028053,2.78726530075073,-0.756237387657166,-0.599973738193512,1.24967765808105
background,-121.72400649,46.80045591,6,9,3.99055409431458,0.16464938223362,2.58698034286499,-1.6760368347168,0.592468917369843,-0.241996392607689
background,-121.72253627,46.81163697,6,9,5.75107049942017,0.0571386031806469,2.82172274589539,1.5462304353714,-0.618555247783661,0.675373792648315
background,-121.73218753,46.80347979,6,2,4.24070596694946,-0.00505824014544487,2.2595157623291,-2.69352269172668,0.649748802185059,0.283848732709885
background,-121.73978539,46.78582268,2,2,1.93090069293976,0.149477690458298,2.54476046562195,-1.6548023223877,0.0482575558125973,-1.57455503940582
background,-121.76311996,46.77441736,2,1,-0.127970352768898,0.144319966435432,2.63239455223083,0.214740127325058,-0.0134083991870284,-0.833547949790955
background,-121.89914962,46.74275262,7,1,-6.04994916915894,0.0773666054010391,0.757480561733246,0.256364971399307,-0.835225701332092,1.84589636325836
background,-121.559105,46.758045,6,6,-5.16037225723267,-3.75454759597778,1.7258026599884,-0.590930759906769,-0.321688026189804,0.639848291873932
background,-121.7329491408,46.7858953787,2,2,2.00346970558167,0.234524294734001,3.24624872207642,1.71274721622467,0.152456015348434,-0.316352427005768
background,-121.7068116667,46.7675883333,6,3,-0.448484122753143,-0.201006159186363,2.41386485099792,0.0797093212604523,0.257593393325806,1.07555675506592
background,-121.7191619873,46.7802963257,6,9,1.98554277420044,0.213384613394737,3.07551097869873,0.640165448188782,-0.904085278511047,0.594644904136658
